TransactionID,SaleDate,CustomerID,ProductID,StoreID,CampaignID,SaleAmount,NumberofItems,City
1,5/4/2025,1034,2059,402,0,2048.2,4,Atlanta
2,5/4/2025,1066,2048,403,1,321.87,5,philly
3,5/4/2025,1116,2041,403,3,3216.84,1,Philadelphia
4,5/4/2025,1071,2096,404,2,1613.23,2,Chicago
5,5/4/2025,1020,2060,401,0,408.38,4,Los Angelos
6,5/4/2025,1089,2028,401,0,1275.88,3,Los Angelos
7,5/4/2025,1193,2003,402,1,346.66,4,Atlanta
8,5/4/2025,1005,2079,402,1,855.49,3,Atlanta
9,5/4/2025,1032,2060,401,1,735.08,5,Los Angelos
10,5/4/2025,1119,2089,403,2,661.63,6,Philadelphia
11,5/4/2025,1042,2077,401,,505.65,4,Los Angelos
12,5/4/2025,1079,2013,401,2,0,5,Los Angelos
13,5/4/2025,1147,2086,404,3,4470.5,2,Chicago
14,5/4/2025,1183,2025,401,1,503.32,1,Los Angelos
15,5/4/2025,1026,2089,403,0,413.52,2,Philadelphia
16,5/4/2025,1144,2005,403,3,1715.12,6,Philadelphia
17,5/4/2025,1169,2047,401,2,535.97,1,Los Angelos
18,5/4/2025,1003,2053,404,0,3660.9,2,Chicago
19,5/4/2025,1110,2046,404,1,30.09,3,Chicago
20,5/4/2025,1111,2022,403,3,671.18,2,Philadelphia
21,5/4/2025,1119,2055,403,2,?,1,Philadelphia
22,5/4/2025,1062,2011,403,3,1229.22,5,Philadelphia
23,5/4/2025,1062,2096,404,3,672.18,222222,Chicago
24,5/4/2025,1086,2003,404,2,924.43,3,Chicago
25,5/4/2025,1046,2062,402,2,1981.95,4,Atlanta
26,5/4/2025,1066,2043,403,2,698.76,5,Philadelphia
27,5/4/2025,1142,2001,402,0,1237.05,1,Atlanta
28,5/4/2025,1061,2092,404,3,482.21,2,Chicago
29,5/4/2025,1142,2097,402,3,4210.5,4,Atlanta
30,5/4/2025,1165,2091,404,3,4528.95,3,Chicago
31,2023-13-01,1004,2011,403,1,737.53,4,Philadelphia
32,5/4/2025,1103,2088,402,2,0,3,Atlanta
33,5/4/2025,1169,2074,403,3,0,5,Philadelphia
34,5/4/2025,1141,2067,403,3,872.85,6,Philadelphia
35,5/4/2025,1190,2070,403,2,54.69,4,Philadelphia
36,5/4/2025,1179,2058,403,2,1066.8,5,Phila
37,5/4/2025,1064,2029,401,1,12.16,2,Los Angelos
38,5/4/2025,1080,2015,402,1,3037.36,1,Atlanta
39,5/4/2025,1055,2094,404,2,1578.72,2,Chicago
40,5/4/2025,1185,2075,403,0,0,6,Philadelphia
41,5/4/2025,9999,2037,402,2,288.11,1,Atlanta
42,5/4/2025,1045,2038,401,1,1667.72,2,Los Angelos
43,5/4/2025,1070,2005,401,2,686.05,3,Los Angelos
44,5/4/2025,1178,2016,404,0,0,2,Chicago
45,5/4/2025,1003,2073,403,3,1498.29,1,Philadelphia
46,5/4/2025,1122,2056,403,1,944.5,5,Philadelphia
47,5/4/2025,1013,2032,404,0,2836.8,2,Chicago
48,5/4/2025,1016,2051,404,0,117.32,3,Chicago
49,5/4/2025,1147,2080,401,1,0,4,Los Angelos
50,5/4/2025,1038,2072,403,0,840.6,5,Philadelphia
51,5/4/2025,1063,2015,404,1,1214.95,1,Chicago
52,5/4/2025,1198,2066,404,3,516.06,2,Chicago
53,5/4/2025,1113,2038,404,2,2223.62,4,Chicago
54,5/4/2025,1145,2079,401,0,1901.08,3,Los Angelos
55,5/4/2025,1195,2026,402,2,507.74,4,Atlanta
56,5/4/2025,1169,2010,402,1,140.11,3,Atlanta
57,5/4/2025,1044,2070,401,1,0,5,Los Angelos
58,5/4/2025,1000,2052,404,3,2193.78,6,Chicago
59,5/4/2025,1074,2004,402,2,741.8,4,Atlanta
60,5/4/2025,1180,2036,404,0,217.98,5,Chicago
61,5/4/2025,1175,2029,403,1,36.48,2,Philadelphia
62,5/4/2025,1108,2014,402,1,221.67,1,Atlanta
63,5/4/2025,1068,2018,401,0,2169.04,2,Los Angelos
64,5/4/2025,1042,2039,403,3,2929.32,6,Philadelphia
65,5/4/2025,1031,2059,403,3,0,1,Philadelphia
66,5/4/2025,1069,2064,404,3,1470.2,2,Chicago
67,5/4/2025,1020,2076,401,3,4836.42,3,Los Angelos
68,5/4/2025,1188,2041,403,0,1608.42,2,Philadelphia
69,5/4/2025,1023,2029,401,2,0,1,Los Angelos
70,5/4/2025,1147,2005,402,3,0,5,Atlanta
71,5/4/2025,1132,2083,404,2,614.53,2,Chicago
72,5/4/2025,1046,2074,404,3,659.5,3,Chicago
73,5/4/2025,1023,2060,403,3,1225.14,4,Philadelphia
74,5/4/2025,1085,2041,401,1,1447.58,5,Los Angelos
75,5/4/2025,1084,2052,404,2,2925.04,1,Chicago
76,5/4/2025,1169,2051,401,3,117.32,2,Los Angelos
77,5/4/2025,1022,2040,403,2,55.26,4,Philadelphia
78,5/4/2025,1029,2098,404,0,3631.44,3,Chicago
79,5/4/2025,1168,2069,404,3,232.39,4,Chicago
80,5/4/2025,1013,2024,403,3,372.81,3,Philadelphia
81,5/4/2025,1160,2056,401,1,472.25,5,Los Angelos
82,5/4/2025,1068,2070,402,2,109.38,6,Atlanta
83,5/4/2025,1112,2089,404,0,2067.6,4,Chicago
84,5/4/2025,1007,2080,402,1,1498.07,5,Atlanta
85,5/4/2025,1079,2070,401,3,34.18,2,Los Angelos
86,5/4/2025,1023,2028,401,3,2551.76,1,Los Angelos
87,5/4/2025,1030,2082,402,3,799.8,2,Atlanta
88,5/4/2025,1183,2037,403,3,2160.84,6,Philadelphia
89,5/4/2025,1123,2060,402,3,2450.28,1,Atlanta
90,5/4/2025,1141,2018,404,1,2440.17,2,Chicago
91,5/4/2025,1153,2065,402,0,470.34,3,Atlanta
92,5/4/2025,1070,2098,404,2,0,2,Chicago
93,5/4/2025,1129,2034,401,2,108.94,1,Los Angelos
94,5/4/2025,1185,2038,404,1,1667.72,5,Chicago
95,5/4/2025,1114,2068,404,2,656.19,2,Chicago
96,5/4/2025,1085,2070,404,3,0,3,Chicago
97,5/4/2025,1082,2024,402,3,372.81,4,Atlanta
98,5/4/2025,1059,2099,404,0,1292.64,5,Chicago
99,5/4/2025,1081,2095,404,3,490.79,1,Chicago
100,5/4/2025,1098,2084,402,3,0,2,Atlanta
101,5/4/2025,1009,2016,403,0,969.06,4,Philadelphia
102,5/4/2025,1112,2012,404,0,1869.57,3,Chicago
103,5/4/2025,1184,2018,404,1,488.03,4,Chicago
104,5/4/2025,1019,2060,403,2,0,3,Philadelphia
105,5/4/2025,1159,2088,404,0,0,5,Chicago
106,5/4/2025,1084,2086,404,2,2861.12,6,Chicago
107,5/4/2025,1160,2091,404,0,905.79,4,Chicago
108,5/4/2025,1158,2008,402,2,159.82,5,Atlanta
109,5/4/2025,1058,2095,401,3,2453.95,2,Los Angelos
110,5/4/2025,1025,2097,401,3,842.1,1,Los Angelos
111,5/4/2025,1042,2088,403,0,709.35,2,Philadelphia
112,5/4/2025,1011,2041,401,2,0,6,Los Angelos
113,5/4/2025,1091,2047,404,1,0,1,Chicago
114,5/4/2025,1062,2067,404,1,0,2,Chicago
115,5/4/2025,1043,2022,401,3,2684.72,3,Los Angelos
116,5/4/2025,1158,2087,402,3,477.96,2,Atlanta
117,5/4/2025,1149,2018,402,3,1626.78,1,Atlanta
118,5/4/2025,1163,2032,404,2,756.48,5,Chicago
119,5/4/2025,1170,2001,404,2,659.76,2,Chicago
120,5/4/2025,1173,2069,402,0,464.78,3,Atlanta
121,5/4/2025,1113,2044,403,3,0,4,Philadelphia
122,5/4/2025,1176,2032,404,2,756.48,5,Chicago
123,5/4/2025,1050,2049,404,0,2819.52,1,Chicago
124,5/4/2025,1060,2048,403,2,1144.42,2,Philadelphia
125,5/4/2025,1179,2037,401,3,1440.56,4,Los Angelos
126,5/4/2025,1070,2001,401,3,0,3,Los Angelos
127,5/4/2025,1073,2099,402,2,0,4,Atlanta
128,5/4/2025,1056,2081,402,2,0,3,Atlanta
129,5/4/2025,1173,2096,402,0,672.18,5,
130,5/4/2025,1160,2082,401,2,426.56,6,Los Angelos
131,5/4/2025,1112,2004,403,1,1669.05,4,Philadelphia
132,5/4/2025,1023,2037,403,3,2160.84,5,Philadelphia
133,5/4/2025,1044,2025,402,2,223.7,2,Atlanta
134,5/4/2025,1135,2064,403,1,793.91,1,Philadelphia
135,5/4/2025,1065,2061,403,2,639.74,2,Philadelphia
136,5/4/2025,1029,2059,401,1,921.69,6,Los Angelos
137,5/4/2025,1193,2028,404,2,1531.06,1,Chicago
138,5/4/2025,1023,2050,401,2,298.85,2,Los Angelos
139,5/4/2025,1137,2015,404,2,539.98,3,Chicago
140,5/4/2025,1172,2095,403,3,2453.95,2,Philadelphia
141,5/4/2025,1163,2047,401,1,301.48,1,Los Angelos
142,5/4/2025,1120,2003,403,1,1039.99,5,Philadelphia
143,5/4/2025,1165,2008,404,2,53.27,2,Chicago
144,5/4/2025,1166,2052,401,1,658.13,3,Los Angelos
145,5/4/2025,1011,2004,403,3,3709,4,Philadelphia
146,5/4/2025,1029,2012,402,1,0,5,Atlanta
147,5/4/2025,1099,2058,403,3,666.75,1,Philadelphia
148,5/4/2025,1150,2095,402,3,490.79,2,Atlanta
149,5/4/2025,1167,2012,404,3,0,4,Chicago
150,5/4/2025,1071,2004,403,1,834.52,3,Philadelphia
151,5/4/2025,1113,2056,402,2,839.55,4,Atlanta
152,5/4/2025,1025,2087,403,2,0,3,Philadelphia
153,5/4/2025,1015,2050,403,1,504.31,5,Philadelphia
154,5/4/2025,1031,2058,401,1,2400.3,6,Los Angelos
155,5/4/2025,1164,2081,401,0,2984.88,4,Los Angelos
156,5/4/2025,1085,2031,402,1,508.77,5,Atlanta
157,5/4/2025,1017,2097,402,1,757.89,2,Atlanta
158,5/4/2025,1059,2042,402,0,0,1,Atlanta
159,5/4/2025,1070,2018,402,2,0,2,Atlanta
160,5/4/2025,1044,2014,401,1,886.68,6,Los Angelos
161,5/4/2025,1003,2045,402,2,499.42,1,Atlanta
162,5/4/2025,1004,2022,403,0,671.18,2,Philadelphia
163,5/4/2025,1032,2094,404,0,493.35,3,Chicago
164,5/4/2025,1190,2008,404,3,266.36,2,Chicago
165,5/4/2025,1199,2046,401,3,167.15,1,Los Angelos
166,5/4/2025,1128,2028,401,2,2041.41,5,Los Angelos
167,5/4/2025,1117,2082,401,0,799.8,2,Los Angelos
168,5/4/2025,1122,2051,404,0,234.64,3,Chicago
169,5/4/2025,1125,2091,404,0,1811.58,4,Chicago
170,5/4/2025,1020,2041,402,0,0,5,Atlanta
171,5/4/2025,1032,2035,403,3,4499.95,1,Philadelphia
172,5/4/2025,1152,2067,403,3,872.85,2,Philadelphia
173,5/4/2025,1129,2077,404,0,2809.15,4,Chicago
174,5/4/2025,1179,2014,402,3,738.9,3,Atlanta
175,5/4/2025,1115,2029,404,2,0,4,
176,5/4/2025,1116,2051,404,0,351.96,3,Chicago
177,5/4/2025,1080,2054,403,2,3602.04,5,Philadelphia
178,5/4/2025,1095,2019,404,0,933.93,6,Chicago
179,5/4/2025,1023,2010,401,3,0,4,Los Angelos
180,5/4/2025,1024,2095,403,1,3533.69,5,Philadelphia
181,5/4/2025,1142,2007,403,0,583.39,2,Philadelphia
182,5/4/2025,1105,2045,404,0,624.28,1,Chicago
183,5/4/2025,1073,2076,403,2,1934.57,2,Philadelphia
184,5/4/2025,1026,2073,402,1,1797.95,6,Atlanta
185,5/4/2025,1168,2061,402,0,599.76,1,Atlanta
186,5/4/2025,1089,2071,403,0,0,2,Philadelphia
187,5/4/2025,1195,2035,402,3,0,3,Atlanta
188,5/4/2025,1143,2098,401,2,2178.86,2,Los Angelos
189,5/4/2025,1007,2023,403,2,751.63,1,Philadelphia
190,5/4/2025,1086,2044,401,1,373.64,5,Los Angelos
191,5/4/2025,1036,2072,404,0,1260.9,2,Chicago
192,5/4/2025,1036,2094,401,0,2466.75,3,Los Angelos
193,5/4/2025,1191,2067,402,3,872.85,,Atlanta
194,5/4/2025,1107,2058,403,1,1800.22,5,Philadelphia
195,5/4/2025,1094,2039,403,0,1952.88,1,Philadelphia
196,5/4/2025,1013,2019,402,0,0,2,Atlanta
197,5/4/2025,1172,2010,403,3,0,4,Philadelphia
198,5/4/2025,1169,2054,404,3,900.51,3,Chicago
199,5/4/2025,1106,2034,402,0,136.17,4,Atlanta
200,5/4/2025,1088,2055,401,2,129.46,3,Los Angelos
201,5/4/2025,1173,2086,404,2,715.28,5,Chicago
202,5/4/2025,1011,2028,404,0,0,6,Chicago
203,5/4/2025,1001,2026,403,1,190.4,4,Philadelphia
204,5/4/2025,1196,2017,403,2,370.96,5,Philadelphia
205,5/4/2025,1083,2015,401,3,0,2,Los Angelos
206,5/4/2025,1191,2055,402,1,48.55,1,Atlanta
207,5/4/2025,1097,2068,402,2,1312.38,2,Atlanta
208,5/4/2025,1018,2050,401,3,0,6,Los Angelos
209,5/4/2025,1004,2058,401,2,1066.8,1,Los Angelos
210,5/4/2025,1147,2054,404,3,2701.53,2,Chicago
211,5/4/2025,1074,2014,404,0,738.9,3,Chicago
212,5/4/2025,1083,2021,404,2,668.33,2,Chicago
213,5/4/2025,1022,2055,401,1,97.09,1,Los Angelos
214,5/4/2025,1111,2075,404,0,1561.28,5,Chicago
215,5/4/2025,1101,2039,403,1,2636.39,2,Philadelphia
216,5/4/2025,1085,2099,402,0,646.32,3,Atlanta
217,5/4/2025,1130,2081,401,1,1343.2,4,Los Angelos
218,5/4/2025,1198,2044,403,1,186.82,5,Philadelphia
219,5/4/2025,1060,2013,402,2,0,1,Atlanta
220,5/4/2025,1050,2022,402,0,671.18,2,Atlanta
221,5/4/2025,1045,2098,404,3,907.86,4,Chicago
222,5/4/2025,1193,2072,404,2,1681.2,3,Chicago
223,5/4/2025,1160,2040,402,3,138.16,4,
224,5/4/2025,1017,2060,404,2,0,3,Chicago
225,5/4/2025,1070,2075,401,2,624.51,5,Los Angelos
226,5/4/2025,1129,2009,403,3,198.93,6,Philadelphia
227,5/4/2025,1115,2004,401,2,2225.4,4,Los Angelos
228,5/4/2025,1073,2009,401,3,66.31,5,Los Angelos
229,5/4/2025,1118,2074,401,3,659.5,2,Los Angelos
230,5/4/2025,1146,2083,402,2,614.53,1,Atlanta
231,5/4/2025,1154,2060,402,0,408.38,2,Atlanta
232,5/4/2025,1115,2013,403,0,2806.08,6,Philadelphia
233,5/4/2025,1129,2082,402,0,1066.4,1,Atlanta
234,5/4/2025,1063,2090,404,3,71.64,2,Chicago
235,5/4/2025,1134,2066,402,2,1238.54,3,Atlanta
236,5/4/2025,1095,2036,404,3,653.94,2,Chicago
237,5/4/2025,1198,2043,401,2,1397.52,1,Los Angelos
238,5/4/2025,1016,2042,401,3,0,5,Los Angelos
239,5/4/2025,1072,2032,402,2,1512.96,2,Atlanta
240,5/4/2025,1020,2074,402,2,527.6,3,Atlanta
241,5/4/2025,1079,2083,404,1,691.34,4,Chicago
242,5/4/2025,1152,2090,401,2,57.31,5,Los Angelos
243,5/4/2025,1143,2048,403,1,0,1,Philadelphia
244,5/4/2025,1171,2089,401,3,1654.08,2,Los Angelos
245,5/4/2025,1130,2046,401,2,106.98,4,Los Angelos
246,5/4/2025,1079,2023,402,2,3006.53,3,Atlanta
247,5/4/2025,1196,2062,402,1,1114.85,4,Atlanta
248,5/4/2025,1035,2019,401,2,0,3,Los Angelos
249,5/4/2025,1025,2064,401,2,705.7,5,Los Angelos
250,5/4/2025,1196,2079,402,3,2851.62,6,Atlanta
251,5/4/2025,1039,2020,402,1,338.25,4,Atlanta
252,5/4/2025,1184,2056,401,3,1574.16,5,Los Angelos
253,5/4/2025,1093,2086,402,3,3576.4,2,Atlanta
254,5/4/2025,1156,2036,404,1,392.36,1,Chicago
255,5/4/2025,1136,2030,403,3,509.91,2,Philadelphia
256,5/4/2025,1049,2047,404,3,1674.9,6,Chicago
257,5/4/2025,1196,2036,404,3,0,1,Chicago
258,5/4/2025,1041,2025,402,2,671.09,2,Atlanta
259,5/4/2025,1013,2082,404,2,1066.4,3,Chicago
260,5/4/2025,1141,2013,401,2,748.29,2,Los Angelos
261,5/4/2025,1021,2097,402,2,673.68,1,Atlanta
262,5/4/2025,1115,2065,402,3,1881.36,5,Atlanta
263,5/4/2025,1023,2028,404,2,510.35,2,Chicago
264,5/4/2025,1006,2053,401,3,610.15,3,Los Angelos
265,5/4/2025,1128,2047,402,3,1004.94,4,Atlanta
266,5/4/2025,1020,2047,402,0,669.96,5,Atlanta
267,5/4/2025,1081,2012,403,1,1682.61,1,Philadelphia
268,5/4/2025,1035,2004,403,3,927.25,2,Philadelphia
269,5/4/2025,1178,2017,404,3,1854.8,4,Chicago
270,5/4/2025,1157,2000,401,0,1938.62,3,Los Angelos
271,5/4/2025,1065,2027,402,3,775.83,4,Atlanta
272,5/4/2025,1028,2099,403,1,3490.13,3,Philadelphia
273,5/4/2025,1077,2015,401,1,1822.42,5,Los Angelos
274,5/4/2025,1107,2081,404,0,2238.66,6,Chicago
275,5/4/2025,1028,2063,401,1,994.43,4,Los Angelos
276,5/4/2025,1183,2018,403,3,2711.3,5,Philadelphia
277,5/4/2025,1000,2078,403,1,0,2,Philadelphia
278,5/4/2025,1146,2053,402,0,1220.3,1,Atlanta
279,5/4/2025,1134,2046,401,0,33.43,2,Los Angelos
280,5/4/2025,1099,2060,401,3,1633.52,6,Los Angelos
281,5/4/2025,1095,2032,401,2,1512.96,1,Los Angelos
282,5/4/2025,1017,2044,402,0,207.58,2,Atlanta
283,5/4/2025,1197,2074,403,1,593.55,3,Philadelphia
284,5/4/2025,1011,2045,403,1,842.78,2,Philadelphia
285,5/4/2025,1199,2087,404,3,159.32,1,Chicago
286,5/4/2025,1161,2023,402,0,939.54,5,Atlanta
287,5/4/2025,1183,2099,404,0,1292.64,2,Chicago
288,5/4/2025,1075,2025,401,1,0,3,Los Angelos
289,5/4/2025,1010,2040,403,3,138.16,4,Philadelphia
290,5/4/2025,1139,2060,403,0,1225.14,5,Philadelphia
291,5/4/2025,1192,2082,402,2,213.28,1,Atlanta
292,5/4/2025,1091,2099,401,2,1034.11,2,Los Angelos
293,5/4/2025,1069,2015,403,3,2699.88,4,Philadelphia
294,5/4/2025,1102,2095,404,3,1472.37,3,Chicago
295,5/4/2025,1086,2023,404,3,3758.16,4,Chicago
296,5/4/2025,1094,2066,403,0,1032.12,3,Philadelphia
297,5/4/2025,1186,2054,401,3,0,5,Los Angelos
298,5/4/2025,1154,2023,403,2,751.63,6,Philadelphia
299,5/4/2025,1026,2010,403,2,62.27,4,Philadelphia
300,5/4/2025,1078,2057,404,1,393.28,5,Chicago
301,5/4/2025,1176,2056,403,3,524.72,2,Philadelphia
302,5/4/2025,1010,2093,403,3,0,1,Philadelphia
303,5/4/2025,1070,2081,401,0,1492.44,2,Los Angelos
304,5/4/2025,1171,2081,404,2,596.98,6,Chicago
305,5/4/2025,1131,2095,402,0,1472.37,1,Atlanta
306,5/4/2025,1036,2077,404,0,1123.66,2,Chicago
307,5/4/2025,1032,2008,402,2,106.54,3,Atlanta
308,5/4/2025,1092,2049,401,1,0,2,Los Angelos
309,5/4/2025,1173,2057,403,2,349.58,1,Philadelphia
310,5/4/2025,1113,2097,401,1,757.89,5,Los Angelos
311,5/4/2025,1135,2046,404,2,80.23,2,Chicago
312,5/4/2025,1166,2035,402,0,899.99,3,Atlanta
313,5/4/2025,1006,2094,402,3,1480.05,4,Atlanta
314,5/4/2025,1132,2049,401,2,1503.74,5,Los Angelos
315,5/4/2025,1198,2033,404,1,2257.88,1,Chicago
316,5/4/2025,1156,2036,404,1,784.73,2,Chicago
317,5/4/2025,1031,2017,401,3,0,4,Los Angelos
318,5/4/2025,1044,2091,404,0,1811.58,3,Chicago
319,5/4/2025,1174,2040,403,0,34.54,4,Philadelphia
320,5/4/2025,1140,2069,403,2,557.74,3,Philadelphia
321,5/4/2025,1040,2091,402,2,724.63,5,Atlanta
322,5/4/2025,1130,2028,401,1,574.15,6,Los Angelos
323,5/4/2025,1035,2030,404,0,339.94,4,Chicago
324,5/4/2025,1092,2070,403,3,102.54,5,Philadelphia
325,5/4/2025,1141,2016,401,0,0,2,Los Angelos
326,5/4/2025,1079,2050,404,3,186.78,1,Chicago
327,5/4/2025,1196,2052,401,1,2632.54,2,Los Angelos
328,5/4/2025,1081,2082,401,3,1066.4,6,Los Angelos
329,5/4/2025,1119,2087,403,1,0,1,Philadelphia
330,5/4/2025,1199,2070,402,1,30.76,??,Atlanta
331,5/4/2025,1110,2064,401,0,0,3,Los Angelos
332,5/4/2025,1132,2019,403,1,1681.07,2,Philadelphia
333,5/4/2025,1041,2041,402,2,643.37,1,Atlanta
334,5/4/2025,1132,2036,401,2,348.77,5,Los Angelos
335,5/4/2025,1050,2081,403,1,2686.39,2,Philadelphia
336,5/4/2025,1160,2038,401,1,0,3,Los Angelos
337,5/4/2025,1151,2074,402,1,1187.1,4,Atlanta
338,5/4/2025,1168,2079,403,0,1901.08,5,Philadelphia
339,5/4/2025,1007,2010,401,2,62.27,1,Los Angelos
340,5/4/2025,1166,2026,404,0,0,2,Chicago
341,5/4/2025,1127,2080,403,2,1997.42,4,Philadelphia
342,5/4/2025,1123,2031,404,2,1356.72,3,Chicago
343,5/4/2025,1116,2009,401,1,119.36,4,Los Angelos
344,5/4/2025,1112,2053,404,3,0,3,Chicago
345,5/4/2025,1052,2043,402,2,698.76,5,Atlanta
346,5/4/2025,1183,2040,403,3,103.62,6,Philadelphia
347,5/4/2025,1033,2097,403,0,4210.5,4,Philadelphia
348,5/4/2025,1081,2030,404,0,339.94,5,Chicago
349,5/4/2025,1068,2057,402,1,1179.85,2,Atlanta
350,5/4/2025,1024,2006,403,3,594,1,Philadelphia
351,5/4/2025,1157,2053,402,1,1098.27,2,Atlanta
352,5/4/2025,1083,2073,403,1,2247.44,6,Philadelphia
353,5/4/2025,1195,2020,404,3,1879.15,1,Chicago
354,5/4/2025,1127,2039,404,0,1952.88,2,Chicago
355,5/4/2025,1023,2050,404,1,0,3,Chicago
356,5/4/2025,1055,2074,403,0,1978.5,2,Philadelphia
357,5/4/2025,1012,2036,404,3,653.94,1,Chicago
358,5/4/2025,1073,2068,401,0,2460.72,5,Los Angelos
359,5/4/2025,1110,2017,403,2,370.96,2,Philadelphia
360,5/4/2025,1195,2051,403,0,117.32,3,Philadelphia
361,5/4/2025,1102,2006,402,2,792,4,ATL
362,5/4/2025,1141,2036,401,3,871.92,5,Los Angelos
363,5/4/2025,1129,2057,403,0,1747.92,1,Philadelphia
364,5/4/2025,1032,2012,404,2,997.1,2,Chicago
365,5/4/2025,1086,2071,403,1,553.64,4,Philadelphia
366,5/4/2025,1050,2077,404,0,561.83,3,Chicago
367,5/4/2025,1011,2004,402,2,0,4,Atlanta
368,5/4/2025,1121,2066,404,1,0,3,Chicago
369,5/4/2025,1155,2065,402,2,1128.82,5,Atlanta
370,5/4/2025,1156,2040,402,3,138.16,6,Atlanta
371,5/4/2025,1157,2094,403,2,1578.72,4,Philadelphia
372,5/4/2025,1129,2065,404,2,752.54,5,Chicago
373,5/4/2025,1121,2002,403,2,2771.2,2,Philadelphia
374,5/4/2025,1172,2014,404,2,197.04,1,Chicago
375,5/4/2025,1185,2088,401,3,2128.05,2,Los Angelos
376,5/4/2025,1067,2083,402,0,0,6,Atlanta
377,5/4/2025,1149,2061,402,3,1199.52,1,Atlanta
378,5/4/2025,1037,2087,402,0,318.64,2,Atlanta
379,5/4/2025,1146,2089,401,1,744.34,3,Los Angelos
380,5/4/2025,1004,2056,403,3,2098.88,2,Philadelphia
381,5/4/2025,1038,2052,402,3,2193.78,1,Atlanta
382,5/4/2025,1128,2099,404,0,3877.92,5,Chicago
383,5/4/2025,1180,2017,402,2,741.92,2,Atlanta
384,5/4/2025,1169,2061,404,2,319.87,3,Chicago
385,5/4/2025,1044,2058,403,2,1066.8,4,Philadelphia
386,5/4/2025,1173,2098,403,3,3631.44,5,Philadelphia
387,5/4/2025,1049,2031,403,2,1356.72,1,Philadelphia
388,5/4/2025,1057,2038,403,1,2501.58,2,Philadelphia
389,5/4/2025,1176,2090,404,2,343.87,4,Chicago
390,5/4/2025,1122,2044,403,2,166.06,3,Philadelphia
391,5/4/2025,1031,2073,404,3,1498.29,4,Chicago
392,5/4/2025,1088,2098,402,2,726.29,3,Atlanta
393,5/4/2025,1010,2036,401,2,348.77,5,Los Angelos
394,5/4/2025,1113,2083,403,3,3072.64,6,Philadelphia
395,5/4/2025,1054,2025,403,2,671.09,4,Philadelphia
396,5/4/2025,1035,2013,402,1,1683.65,5,Atlanta
397,5/4/2025,1012,2085,402,1,217.94,2,Atlanta
398,5/4/2025,1013,2012,404,2,1994.21,1,Chicago
399,5/4/2025,1183,2060,401,1,367.54,2,Los Angelos
400,5/4/2025,1001,2070,402,3,102.54,6,Atlanta
401,5/4/2025,1167,2060,404,1,735.08,1,Chicago
402,5/4/2025,1193,2036,403,2,348.77,2,Philadelphia
403,5/4/2025,1165,2007,401,1,0,3,Los Angelos
404,5/4/2025,1136,2094,401,1,1776.06,2,Los Angelos
405,5/4/2025,1106,2022,401,3,671.18,1,Los Angelos
406,5/4/2025,1126,2023,403,0,0,5,Philadelphia
407,5/4/2025,1002,2038,401,2,1482.42,2,Los Angelos
408,5/4/2025,1072,2058,404,1,1200.15,3,Chicago
409,5/4/2025,1129,2059,403,1,1382.54,4,Philadelphia
410,5/4/2025,1028,2042,402,3,502.83,5,Atlanta
411,5/4/2025,1165,2032,402,0,0,1,Atlanta
412,5/4/2025,1188,2043,403,1,1572.21,2,Philadelphia
413,5/4/2025,1044,2078,404,3,426.03,4,Chicago
414,5/4/2025,1131,2041,401,3,3216.84,3,Los Angelos
415,5/4/2025,1171,2012,402,1,1121.74,4,ATL
416,5/4/2025,1122,2041,402,0,1608.42,3,Atlanta
417,5/4/2025,1066,2049,402,3,0,5,Atlanta
418,5/4/2025,1192,2034,403,2,326.81,6,Philadelphia
419,5/4/2025,1149,2092,401,2,1157.3,4,Los Angelos
420,5/4/2025,1167,2046,402,0,133.72,5,Atlanta
421,5/4/2025,1170,2015,404,2,0,2,Chicago
422,5/4/2025,1040,2051,403,0,469.28,1,Philadelphia
423,5/4/2025,1163,2037,403,1,0,2,Philadelphia
424,5/4/2025,1056,2017,404,1,834.66,6,Chicago
425,5/4/2025,1116,2095,403,3,490.79,1,Philadelphia
426,5/4/2025,1179,2070,404,1,61.52,2,Chicago
427,5/4/2025,1195,2031,401,3,1695.9,3,Los Angelos
428,5/4/2025,1135,2090,403,0,0,2,Philadelphia
429,5/4/2025,1144,2014,401,1,443.34,1,Los Angelos
430,5/4/2025,1146,2068,402,1,2952.86,5,Atlanta
431,5/4/2025,1083,2066,404,0,516.06,2,Chicago
432,5/4/2025,1174,2026,404,0,423.12,,Chicago
433,5/4/2025,1130,2057,401,3,1747.92,4,Los Angelos
434,5/4/2025,1033,2065,404,3,0,5,Chicago
435,5/4/2025,1144,2007,404,2,933.42,1,Chicago
436,5/4/2025,1185,2002,404,2,692.8,2,Chicago
437,5/4/2025,1000,2095,402,0,0,4,Atlanta
438,5/4/2025,1011,2054,403,0,900.51,3,Philadelphia
439,5/4/2025,1138,2007,401,3,2333.56,4,Los Angelos
440,5/4/2025,1008,2036,404,1,196.18,3,Chicago
441,5/4/2025,1196,2017,404,2,741.92,5,Chicago
442,5/4/2025,1097,2057,404,3,436.98,6,Chicago
443,5/4/2025,1020,2087,402,2,637.28,4,Atlanta
444,5/4/2025,1030,2022,404,1,604.06,5,Chicago
445,5/4/2025,1186,2028,401,0,2551.76,2,Los Angelos
446,5/4/2025,1076,2059,404,3,1536.15,1,Chicago
447,5/4/2025,1058,2031,404,2,0,2,Chicago
448,5/4/2025,1039,2035,402,0,899.99,6,Atlanta
449,5/4/2025,1008,2084,404,0,845.55,1,Chicago
450,5/4/2025,1061,2026,401,0,423.12,2,Los Angelos
451,5/4/2025,1152,2004,404,0,2781.75,3,Chicago
452,5/4/2025,1062,2094,401,3,1973.4,2,Los Angelos
453,5/4/2025,1112,2029,402,0,13.51,1,Atlanta
454,5/4/2025,1035,2064,403,1,0,5,Philadelphia
455,5/4/2025,1187,2073,403,2,399.54,2,Philadelphia
456,5/4/2025,1060,2038,402,1,3335.44,3,Atlanta
457,5/4/2025,1105,2038,403,0,1853.02,4,Philadelphia
458,5/4/2025,1142,2075,402,3,3903.2,5,Atlanta
459,5/4/2025,1142,2063,401,2,1325.9,1,Los Angelos
460,5/4/2025,1164,2085,404,2,387.44,2,Chicago
461,5/4/2025,1178,2053,404,1,1647.4,4,CHI
462,5/4/2025,1076,2048,402,3,1072.89,3,Atlanta
463,5/4/2025,1061,2028,403,1,1148.29,4,Philadelphia
464,5/4/2025,1118,2007,404,3,1750.17,3,Chicago
465,5/4/2025,1142,2067,402,3,1163.8,5,Atlanta
466,5/4/2025,1062,2032,402,2,756.48,6,Atlanta
467,5/4/2025,1165,2010,404,2,124.54,4,Chicago
468,5/4/2025,1023,2068,402,0,2460.72,5,Atlanta
469,5/4/2025,1068,2048,401,0,715.26,2,Los Angelos
470,5/4/2025,1048,2097,402,3,0,1,Atlanta
471,5/4/2025,1053,2042,403,0,167.61,2,Philadelphia
472,5/4/2025,1054,2024,401,3,372.81,6,Los Angelos
473,5/4/2025,1062,2089,402,3,1240.56,1,Atlanta
474,5/4/2025,1061,2070,403,2,27.34,2,Philadelphia
475,5/4/2025,1097,2059,403,2,0,3,Philadelphia
476,5/4/2025,1066,2046,404,3,200.58,2,Chicago
477,5/4/2025,1025,2092,404,2,771.54,1,Chicago
478,5/4/2025,1052,2047,403,3,334.98,5,Philadelphia
479,5/4/2025,1011,2072,402,1,756.54,2,Atlanta
480,5/4/2025,1004,2033,404,2,0,3,Chicago
481,5/4/2025,1039,2025,403,1,503.32,4,Philadelphia
482,5/4/2025,1097,2072,402,3,420.3,5,Atlanta
483,5/4/2025,1140,2083,403,2,1843.58,1,Philadelphia
484,5/4/2025,1195,2062,404,3,3096.8,2,Chicago
485,5/4/2025,1043,2093,403,1,1360.69,4,Philadelphia
486,5/4/2025,1035,2092,404,1,0,3,Chicago
487,5/4/2025,1138,2082,401,0,533.2,4,Los Angelos
488,5/4/2025,1019,2085,401,0,484.3,3,Los Angelos
489,5/4/2025,1105,2017,402,0,1391.1,5,Atlanta
490,5/4/2025,1181,2019,401,1,4202.68,6,Los Angelos
491,5/4/2025,1129,2058,403,0,1333.5,4,Philadelphia
492,5/4/2025,1158,2081,404,3,2984.88,5,Chicago
493,5/4/2025,1004,2000,404,0,2907.93,2,Chicago
494,5/4/2025,1004,2067,403,2,465.52,1,Philadelphia
495,5/4/2025,1004,2064,404,1,1323.18,2,Chicago
496,5/4/2025,1027,2012,402,1,1121.74,6,Atlanta
497,5/4/2025,1049,2079,403,2,3802.16,1,Philadelphia
498,5/4/2025,1068,2050,401,2,0,2,Los Angelos
499,5/4/2025,1103,2058,402,1,600.08,3,Atlanta
500,5/4/2025,1076,2087,401,0,159.32,2,Los Angelos
501,5/4/2025,1023,2051,404,3,351.96,1,CHI
502,5/4/2025,1141,2060,401,0,408.38,5,Los Angelos
503,5/4/2025,1179,2021,401,3,835.41,2,Los Angelos
504,5/4/2025,1111,2082,403,0,0,3,Philadelphia
505,5/4/2025,1135,2005,402,1,1157.71,4,Atlanta
506,5/4/2025,1177,2072,404,2,1008.72,5,Chicago
507,5/4/2025,1011,2009,403,0,0,1,Philadelphia
508,5/4/2025,1045,2040,401,1,31.09,2,Los Angelos
509,5/4/2025,1150,2018,404,0,1084.52,4,Chicago
510,5/4/2025,1076,2020,402,3,2254.98,3,Atlanta
511,5/4/2025,1173,2069,403,3,232.39,4,Philadelphia
512,5/4/2025,1193,2094,402,0,1480.05,3,Atlanta
513,5/4/2025,1128,2095,403,0,0,5,Philadelphia
514,5/4/2025,1025,2055,402,0,107.88,6,Atlanta
515,5/4/2025,1087,2077,404,2,449.46,4,Chicago
516,5/4/2025,1007,2081,403,3,746.22,5,Philadelphia
517,5/4/2025,1125,2029,403,3,40.53,2,Philadelphia
518,5/4/2025,1110,2023,404,0,1879.08,1,Chicago
519,5/4/2025,1197,2079,403,1,855.49,2,Philadelphia
520,5/4/2025,1182,2009,401,2,53.05,6,Los Angelos
521,5/4/2025,1039,2048,402,3,357.63,1,Atlanta
522,5/4/2025,1081,2046,401,0,33.43,2,Los Angelos
523,5/4/2025,1001,2039,404,2,2343.46,3,Chicago
524,5/4/2025,1194,2034,401,1,245.11,2,Los Angelos
525,5/4/2025,1022,2023,404,3,5637.24,1,Chicago
526,5/4/2025,1142,2071,404,0,615.16,5,Chicago
527,5/4/2025,1006,2011,403,0,1229.22,2,Philadelphia
528,5/4/2025,1152,2076,403,3,2418.21,3,Philadelphia
529,5/4/2025,1003,2037,404,3,1440.56,4,Chicago
530,5/4/2025,1199,2010,402,1,210.17,5,Atlanta
531,5/4/2025,1175,2048,402,1,965.6,1,Atlanta
532,5/4/2025,1068,2038,403,3,0,2,Philadelphia
533,5/4/2025,1037,2008,402,3,266.36,4,Atlanta
534,5/4/2025,1070,2053,403,3,1830.45,3,Philadelphia
535,5/4/2025,1005,2009,403,2,53.05,4,Philadelphia
536,5/4/2025,1063,2092,404,1,867.98,3,Chicago
537,5/4/2025,1117,2013,402,2,2244.86,5,Atlanta
538,5/4/2025,1001,2050,403,3,0,6,Philadelphia
539,5/4/2025,1084,2056,403,3,1574.16,4,Philadelphia
540,5/4/2025,1166,2076,402,2,0,5,Atlanta
541,5/4/2025,1082,2077,402,3,0,2,Atlanta
542,5/4/2025,1080,2022,404,2,1073.89,1,Chicago
543,5/4/2025,1074,2094,404,1,444.02,2,Chicago
544,5/4/2025,1083,2048,403,3,0,6,Philadelphia
545,5/4/2025,1093,2014,402,1,221.67,1,Atlanta
546,5/4/2025,1174,2098,401,3,2723.58,2,Los Angelos
547,5/4/2025,1181,2026,404,2,507.74,3,Chicago
548,5/4/2025,1177,2008,404,3,332.95,2,Chicago
549,5/4/2025,1035,2081,403,1,1343.2,1,Philadelphia
550,5/4/2025,1064,2084,402,3,845.55,5,Atlanta
551,5/4/2025,1096,2009,404,3,198.93,2,Chicago
552,5/4/2025,1149,2051,404,0,0,3,Chicago
553,5/4/2025,1092,2089,401,0,827.04,6,Los Angelos
554,5/4/2025,1196,2031,403,1,1526.31,7,Philadelphia
555,5/4/2025,1165,2078,401,3,142.01,5,LA
556,5/4/2025,1192,2042,404,0,1005.66,1,Chicago
557,5/4/2025,1002,2012,403,1,560.87,2,Philadelphia
558,5/4/2025,1130,2095,402,3,1963.16,4,Atlanta
559,5/4/2025,1095,2050,404,1,168.1,3,Chicago
560,5/4/2025,1088,2003,404,0,385.18,4,Chicago
561,5/4/2025,1075,2053,401,0,1830.45,3,Los Angelos
562,5/4/2025,1186,2018,403,2,1301.42,5,Philadelphia
563,5/4/2025,1087,2058,402,3,2667,6,Atlanta
564,5/4/2025,1089,2060,401,3,408.38,4,Los Angelos
565,5/4/2025,1184,2089,404,2,1984.9,5,Chicago
566,5/4/2025,1017,2038,401,0,0,2,Los Angelos
567,5/4/2025,1005,2043,401,1,786.1,1,Los Angelos
568,5/4/2025,1189,2031,402,1,2035.08,2,Atlanta
569,5/4/2025,1084,2071,404,3,0,6,Chicago
570,5/4/2025,1059,2051,402,1,527.94,1,Atlanta
571,5/4/2025,1163,2084,404,3,845.55,2,Chicago
572,5/4/2025,1007,2094,402,3,493.35,3,Atlanta
573,5/4/2025,1151,2054,404,0,0,2,Chicago
574,5/4/2025,1180,2027,402,2,0,1,Atlanta
575,5/4/2025,1192,2090,401,0,286.56,5,Los Angelos
576,5/4/2025,1137,2023,403,2,1503.26,2,Philadelphia
577,5/4/2025,1050,2058,401,2,1066.8,3,Los Angelos
578,5/4/2025,1171,2062,403,3,619.36,5,Philadelphia
579,5/4/2025,1156,2050,401,2,0,1,Los Angelos
580,5/4/2025,1090,2058,402,2,1066.8,2,Atlanta
581,5/4/2025,1157,2075,401,1,702.58,4,Los Angelos
582,5/4/2025,1080,2015,402,2,1619.93,3,Atlanta
583,5/4/2025,1029,2023,403,1,0,4,Philadelphia
584,5/4/2025,1130,2049,404,1,845.86,3,Chicago
585,5/4/2025,1147,2049,404,1,845.86,5,Chicago
586,5/4/2025,1124,2081,402,1,2686.39,6,Atlanta
587,5/4/2025,1125,2036,402,1,588.55,4,Atlanta
588,5/4/2025,1080,2057,401,2,699.17,5,Los Angelos
589,5/4/2025,1002,2062,402,1,1114.85,2,Atlanta
590,5/4/2025,1098,2071,404,3,1845.48,1,Chicago
591,5/4/2025,1175,2062,404,3,1858.08,2,Chicago
592,5/4/2025,1125,2021,401,0,1670.82,6,Los Angelos
593,5/4/2025,1194,2028,403,0,637.94,1,Philadelphia
594,5/4/2025,1070,2028,403,1,0,2,Philadelphia
595,5/4/2025,1199,2058,404,0,2667,3,Chicago
596,5/4/2025,1146,2014,403,2,0,2,Philadelphia
597,5/4/2025,1138,2096,401,3,2688.72,1,LA
598,5/4/2025,1139,2027,404,0,258.61,5,Chicago
599,5/4/2025,1188,2083,402,2,1229.06,2,Atlanta
600,5/4/2025,1008,2057,403,2,699.17,,Philadelphia
601,5/4/2025,1022,2056,401,1,2361.24,5,Los Angelos
602,5/4/2025,1053,2094,403,3,493.35,1,Philadelphia
603,5/4/2025,1042,2078,402,1,127.81,2,Atlanta
604,5/4/2025,1052,2007,403,2,2333.56,4,Philadelphia
605,5/4/2025,1152,2068,402,2,656.19,3,Atlanta
606,5/4/2025,1180,2037,403,2,288.11,4,Philadelphia
607,5/4/2025,1131,2086,401,1,2414.07,3,Los Angelos
608,5/4/2025,1192,2052,401,2,0,5,Los Angelos
609,5/4/2025,1167,2016,402,1,290.72,6,Atlanta
610,5/4/2025,1037,2091,403,1,0,4,Philadelphia
611,5/4/2025,1194,2086,404,3,0,5,Chicago
612,5/4/2025,1036,2073,403,3,1997.72,2,Philadelphia
613,5/4/2025,1096,2057,401,0,1310.94,1,Los Angelos
614,5/4/2025,1103,2065,403,2,376.27,2,Philadelphia
615,5/4/2025,1116,2062,403,0,1238.72,6,Philadelphia
616,5/4/2025,1198,2093,401,3,0,1,Los Angelos
617,5/4/2025,1162,2085,403,0,0,2,Philadelphia
618,5/4/2025,1136,2050,402,3,933.9,3,Atlanta
619,5/4/2025,1054,2063,403,2,441.97,2,Philadelphia
620,5/4/2025,1072,2043,402,3,4367.25,1,Atlanta
621,5/4/2025,1087,2087,401,0,637.28,5,Los Angelos
622,5/4/2025,1025,2080,404,0,3329.04,2,Chicago
623,5/4/2025,1031,2020,404,3,1127.49,3,Chicago
624,5/4/2025,1000,2054,402,1,1620.92,5,Atlanta
625,5/4/2025,1166,2038,402,2,2223.62,1,Atlanta
626,5/4/2025,1023,2083,403,2,1229.06,2,Philadelphia
627,5/4/2025,1021,2047,402,0,1674.9,4,Atlanta
628,5/4/2025,1101,2080,403,1,3745.17,3,Philadelphia
629,5/4/2025,1109,2083,401,0,768.16,4,Los Angelos
630,5/4/2025,1000,2027,404,0,517.22,3,Chicago
631,5/4/2025,1033,2075,402,3,780.64,5,Atlanta
632,5/4/2025,1002,2001,403,0,824.7,6,Philadelphia
633,5/4/2025,1108,2088,402,3,3546.75,4,Atlanta
634,5/4/2025,1018,2029,404,0,27.02,5,Chicago
635,5/4/2025,1187,2013,401,2,2993.15,2,Los Angelos
636,5/4/2025,1094,2038,402,3,926.51,1,Atlanta
637,5/4/2025,1198,2096,402,1,1814.89,2,Atlanta
638,5/4/2025,1017,2067,401,1,523.71,6,Los Angelos
639,5/4/2025,1112,2044,402,1,560.47,1,Atlanta
640,5/4/2025,1105,2078,404,1,383.43,2,Chicago
641,5/4/2025,1022,2012,402,0,623.19,3,Atlanta
642,5/4/2025,1150,2093,404,2,1814.26,2,Chicago
643,5/4/2025,1109,2040,402,1,31.09,1,Atlanta
644,5/4/2025,1070,2082,401,1,719.82,555555555,Los Angelos
645,5/4/2025,1141,2076,403,0,3224.28,2,Philadelphia
646,5/4/2025,1168,2038,402,1,1667.72,3,Atlanta
647,5/4/2025,1191,2050,403,0,560.34,5,Philadelphia
648,5/4/2025,1005,2030,404,3,679.88,1,Chicago
649,5/4/2025,1028,2030,404,0,509.91,2,Chicago
650,5/4/2025,1135,2001,403,2,989.64,4,Philadelphia
651,5/4/2025,1033,2049,404,2,751.87,3,Chicago
652,5/4/2025,1139,2087,402,3,0,4,Atlanta
653,5/4/2025,1197,2009,401,0,265.24,3,Los Angelos
654,5/4/2025,1003,2033,402,0,836.25,5,Atlanta
655,5/4/2025,1015,2050,403,3,560.34,6,Philadelphia
656,5/4/2025,1108,2089,404,0,413.52,4,Chicago
657,5/4/2025,1163,2068,402,2,3280.96,5,Atlanta
658,5/4/2025,1021,2039,401,1,878.8,2,la
659,5/4/2025,1039,2068,403,3,2460.72,1,Philadelphia
660,5/4/2025,1150,2081,401,2,1193.95,2,Los Angelos
661,5/4/2025,1178,2055,402,0,53.94,6,Atlanta
662,5/4/2025,1062,2011,404,0,0,1,Chicago
663,5/4/2025,1116,2078,401,2,0,2,Los Angelos
664,5/4/2025,1170,2094,402,0,986.7,3,Atlanta
665,5/4/2025,1003,2090,402,0,143.28,2,Atlanta
666,5/4/2025,1041,2063,403,2,1325.9,1,Philadelphia
667,5/4/2025,1042,2047,402,2,803.95,5,Atlanta
668,5/4/2025,1187,2015,401,2,0,2,Los Angelos
669,5/4/2025,1109,2034,401,2,326.81,3,Los Angelos
670,5/4/2025,1182,2073,401,3,499.43,5,Los Angelos
671,5/4/2025,1116,2065,403,0,470.34,1,Philadelphia
672,5/4/2025,1127,2072,402,2,1008.72,2,Atlanta
673,5/4/2025,1040,2032,401,0,0,4,Los Angelos
674,5/4/2025,1058,2094,401,0,493.35,3,Los Angelos
675,5/4/2025,1003,2031,401,3,1695.9,4,Los Angelos
676,5/4/2025,1093,2049,402,1,1691.71,3,Atlanta
677,5/4/2025,1009,2070,404,1,30.76,5,Chicago
678,5/4/2025,1082,2031,404,2,452.24,6,Chicago
679,5/4/2025,1069,2009,403,0,0,4,Philadelphia
680,5/4/2025,1128,2086,401,1,804.69,5,Los Angelos
681,5/4/2025,1057,2066,401,3,1548.18,2,Los Angelos
682,5/4/2025,1017,2059,403,2,409.64,1,Philadelphia
683,5/4/2025,1083,2011,404,0,1638.96,2,Chicago
684,5/4/2025,1094,2025,403,2,223.7,6,Philadelphia
685,5/4/2025,1189,2079,402,3,3802.16,1,Atlanta
686,5/4/2025,1094,2075,404,1,702.58,2,Chicago
687,5/4/2025,1187,2069,402,1,627.45,3,Atlanta
688,5/4/2025,1001,2052,401,1,0,2,Los Angelos
689,5/4/2025,1138,2044,401,2,166.06,1,Los Angelos
690,5/4/2025,1000,2097,404,2,1347.36,5,Chicago
691,5/4/2025,1026,2026,402,3,211.56,2,Atlanta
692,5/4/2025,1125,2007,402,2,933.42,3,Atlanta
693,5/4/2025,1023,2005,402,3,1286.34,5,Atlanta
694,5/4/2025,1179,2047,404,0,669.96,1,Chicago
695,5/4/2025,1148,2012,402,3,3115.95,2,Atlanta
696,5/4/2025,1019,2075,401,3,2341.92,4,Los Angelos
697,5/4/2025,1169,2016,402,2,775.25,3,Atlanta
698,5/4/2025,1066,2040,404,2,55.26,4,Chicago
699,5/4/2025,1081,2057,403,1,393.28,3,Philadelphia
700,5/4/2025,1019,2025,402,0,559.24,5,Atlanta
701,5/4/2025,1039,2013,402,3,4676.8,6,Atlanta
702,5/4/2025,1119,2040,404,0,69.08,4,Chicago
703,5/4/2025,1137,2045,402,3,0,5,Atlanta
704,5/4/2025,1078,2059,403,0,1536.15,2,Philadelphia
705,5/4/2025,1023,2020,403,0,0,1,Philadelphia
706,5/4/2025,1055,2041,402,0,4021.05,2,Atlanta
707,5/4/2025,1182,2031,403,3,1695.9,6,Philadelphia
708,5/4/2025,1131,2006,403,2,475.2,1,Philadelphia
709,5/4/2025,1044,2003,404,3,1155.54,2,Chicago
710,5/4/2025,1142,2095,402,0,2453.95,3,Atlanta
711,5/4/2025,1118,2013,402,0,1870.72,2,Atlanta
712,5/4/2025,1003,2007,402,1,1050.1,1,atl
713,5/4/2025,1050,2051,403,0,117.32,5,Philadelphia
714,5/4/2025,1149,2075,403,0,780.64,2,Philadelphia
715,5/4/2025,1005,2008,402,3,466.13,3,Atlanta
716,5/4/2025,1032,2011,403,0,409.74,5,Philadelphia
717,5/4/2025,1010,2059,401,1,921.69,1,Los Angelos
718,5/4/2025,1146,2055,404,3,0,2,Chicago
719,5/4/2025,1007,2048,404,1,1287.47,4,Chicago
720,5/4/2025,1090,2027,402,2,413.78,3,Atlanta
721,5/4/2025,1071,2057,402,0,1310.94,4,Atlanta
722,5/4/2025,1157,2079,402,2,2281.3,3,Atlanta
723,5/4/2025,1127,2052,404,0,2193.78,5,Chicago
724,5/4/2025,1022,2035,404,1,1619.98,6,Chicago
725,5/4/2025,1107,2025,402,0,279.62,4,Atlanta
726,5/4/2025,1097,2091,403,3,2717.37,5,Philadelphia
727,5/4/2025,1139,2062,403,2,1486.46,2,Philadelphia
728,5/4/2025,1099,2034,402,0,408.51,1,Atlanta
729,5/4/2025,1081,2076,402,0,2418.21,2,Atlanta
730,5/4/2025,1199,2035,401,3,2699.97,6,Los Angelos
731,5/4/2025,1135,2045,402,1,842.78,1,Atlanta
732,5/4/2025,1025,2031,402,2,904.48,2,Atlanta
733,5/4/2025,1136,2094,401,1,0,3,Los Angelos
734,5/4/2025,1147,2049,403,1,3383.42,2,Philadelphia
735,5/4/2025,1045,2030,403,2,407.93,1,Philadelphia
736,5/4/2025,1151,2003,403,1,693.32,5,Philadelphia
737,5/4/2025,1144,2024,404,2,298.25,2,Chicago
738,5/4/2025,1044,2062,401,0,1238.72,3,Los Angelos
739,5/4/2025,1014,2029,402,0,13.51,5,Atlanta
740,5/4/2025,1134,2061,401,2,639.74,1,Los Angelos
741,5/4/2025,1157,2025,402,2,671.09,2,Atlanta
742,5/4/2025,1183,2022,403,0,2684.72,4,Philadelphia
743,5/4/2025,1005,2018,402,0,542.26,3,atlanta
744,5/4/2025,1134,2046,401,2,53.49,4,Los Angelos
745,5/4/2025,1180,2084,404,0,281.85,3,Chicago
746,5/4/2025,1086,2038,403,1,1667.72,5,Philadelphia
747,5/4/2025,1040,2093,404,3,755.94,6,Chicago
748,5/4/2025,1166,2040,402,2,27.63,4,Atlanta
749,5/4/2025,1057,2085,402,3,1452.9,5,Atlanta
750,5/4/2025,1078,2093,403,1,0,2,Philadelphia
751,5/4/2025,1045,2093,401,3,2267.82,1,Los Angelos
752,5/4/2025,1197,2072,401,1,1513.08,2,Los Angelos
753,5/4/2025,1154,2040,402,0,69.08,6,Atlanta
754,5/4/2025,1127,2018,403,0,0,1,Philadelphia
755,5/4/2025,1060,2044,403,1,934.11,????,Philadelphia
756,5/4/2025,1162,2011,403,3,1229.22,3,Philadelphia
757,5/4/2025,1002,2033,402,1,3010.5,2,Atlanta
758,5/4/2025,1177,2008,403,2,159.82,1,Philadelphia
759,5/4/2025,1027,2092,401,0,482.21,5,Los Angelos
760,5/4/2025,1098,2056,404,1,944.5,2,Chicago
761,5/4/2025,1105,2063,404,2,2209.84,3,Chicago
762,5/4/2025,1139,2048,401,3,357.63,5,Los Angelos
763,5/4/2025,1147,2083,402,1,691.34,1,Atlanta
764,5/4/2025,1115,2009,401,2,53.05,2,Los Angelos
765,5/4/2025,1005,2040,403,0,103.62,4,Philadelphia
766,5/4/2025,1018,2043,402,3,2620.35,3,Atlanta
767,5/4/2025,1041,2093,401,0,755.94,4,Los Angelos
768,5/4/2025,1086,2076,404,0,0,3,Chicago
769,5/4/2025,1110,2083,402,3,768.16,5,Atlanta
770,5/4/2025,1040,2006,401,2,0,6,Los Angelos
771,5/4/2025,1052,2024,404,2,298.25,4,Chicago
772,5/4/2025,1169,2036,403,1,392.36,5,Philadelphia
773,5/4/2025,1024,2006,404,3,0,2,Chicago
774,5/4/2025,1039,2006,403,0,198,1,Philadelphia
775,5/4/2025,1109,2011,403,3,1638.96,2,Philadelphia
776,5/4/2025,1051,2012,401,1,1121.74,6,Los Angelos
777,5/4/2025,1043,2081,403,0,746.22,1,Philadelphia
778,5/4/2025,1121,2014,403,3,985.2,2,Philadelphia
779,5/4/2025,1120,2062,403,0,2477.44,3,Philadelphia
780,5/4/2025,1164,2069,404,1,0,2,Chicago
781,5/4/2025,1094,2048,403,1,321.87,1,Philadelphia
782,5/4/2025,1114,2005,403,3,428.78,5,phily
783,5/4/2025,1119,2033,402,2,1338,2,Atlanta
784,5/4/2025,1144,2007,402,0,1166.78,3,Atlanta
785,5/4/2025,1021,2085,403,3,0,5,Philadelphia
786,5/4/2025,1193,2075,402,0,1561.28,1,Atlanta
787,5/4/2025,1099,2066,404,3,0,2,Chicago
788,5/4/2025,1146,2030,404,2,543.9,4,Chicago
789,5/4/2025,1020,2050,401,1,168.1,3,Los Angelos
790,5/4/2025,1030,2096,404,1,3024.81,4,Chicago
791,5/4/2025,1042,2027,402,1,232.75,3,Atlanta
792,5/4/2025,1010,2054,401,3,900.51,5,Los Angelos
793,5/4/2025,1051,2080,402,2,0,6,Atlanta
794,5/4/2025,1081,2093,401,0,755.94,4,Los Angelos
795,5/4/2025,1099,2071,404,2,984.26,5,Chicago
796,5/4/2025,1070,2066,404,0,0,2,Chicago
797,5/4/2025,1179,2079,404,0,2851.62,1,Chicago
798,5/4/2025,1106,2019,402,0,3735.72,2,Atlanta
799,5/4/2025,1027,2072,401,2,672.48,6,Los Angelos
800,5/4/2025,1137,2044,404,2,830.32,1,Chicago
801,5/4/2025,1098,2083,404,3,2304.48,2,Chicago
802,5/4/2025,1009,2022,403,3,2684.72,3,Philadelphia
803,5/4/2025,1036,2079,404,0,950.54,2,Chicago
804,5/4/2025,1101,2042,402,0,335.22,1,Atlanta
805,5/4/2025,1190,2060,403,2,0,5,Philadelphia
806,5/4/2025,1005,2043,403,2,2096.28,2,Philadelphia
807,5/4/2025,1071,2062,401,1,557.42,3,Los Angelos
808,5/4/2025,1034,2038,404,2,2223.62,5,Chicago
809,5/4/2025,1068,2093,404,0,2267.82,1,Chicago
810,5/4/2025,1048,2056,402,3,524.72,2,Atlanta
811,5/4/2025,1189,2062,403,0,1858.08,4,Philadelphia
812,5/4/2025,1131,2020,401,2,0,3,Los Angelos
813,5/4/2025,1181,2064,404,1,264.64,4,Chicago
814,5/4/2025,1199,2067,401,1,0,3,Los Angelos
815,5/4/2025,1049,2025,401,1,503.32,5,Los Angelos
816,5/4/2025,1008,2058,401,2,533.4,6,Los Angelos
817,5/4/2025,1180,2025,403,2,894.78,4,Philadelphia
818,5/4/2025,1118,2064,404,0,882.12,5,Chicago
819,5/4/2025,1174,2003,402,2,308.14,2,Atlanta
820,5/4/2025,1125,2076,404,1,725.46,1,Chicago
821,5/4/2025,1121,2075,403,2,2498.05,2,Philadelphia
822,5/4/2025,1041,2033,401,2,669,6,Los Angelos
823,5/4/2025,1007,2049,401,1,845.86,1,Los Angelos
824,5/4/2025,1146,2099,402,1,581.69,2,Atlanta
825,5/4/2025,1165,2028,402,2,1531.06,3,Atlanta
826,5/4/2025,1166,2052,401,0,731.26,2,Los Angelos
827,5/4/2025,1121,2016,402,0,646.04,1,Atlanta
828,5/4/2025,1057,2032,403,2,3782.4,5,Philadelphia
829,5/4/2025,1108,2048,403,3,357.63,2,Philadelphia
830,5/4/2025,1064,2027,404,2,413.78,3,Chicago
831,5/4/2025,1173,2066,404,0,2580.3,5,Chicago
832,5/4/2025,1001,2065,403,2,376.27,1,Philadelphia
833,5/4/2025,1076,2087,401,3,796.6,2,Los Angelos
834,5/4/2025,1016,2043,403,2,2795.04,4,Philadelphia
835,5/4/2025,1070,2033,403,1,752.62,3,Philadelphia
836,5/4/2025,1038,2066,402,0,1032.12,4,Atlanta
837,5/4/2025,1153,2051,403,1,316.76,,Philadelphia
838,5/4/2025,1184,2003,404,2,1848.86,5,Chicago
839,5/4/2025,1066,2053,404,3,0,6,Chicago
840,5/4/2025,1188,2004,402,2,2967.2,4,Atlanta
841,5/4/2025,1185,2091,402,3,3623.16,5,Atlanta
842,5/4/2025,1171,2045,403,1,280.93,2,Philadelphia
843,5/4/2025,1168,2071,402,2,1968.51,1,Atlanta
844,5/4/2025,1024,2060,402,2,326.7,2,Atlanta
845,5/4/2025,1185,2071,402,2,984.26,6,
846,5/4/2025,1167,2011,402,2,327.79,1,Atlanta
847,5/4/2025,1057,2095,403,3,2453.95,2,Philadelphia
848,5/4/2025,1084,2047,403,2,803.95,3,Philadelphia
849,5/4/2025,1118,2015,404,0,4049.82,2,Chicago
850,5/4/2025,1162,2074,401,3,659.5,1,Los Angelos
851,5/4/2025,1049,2064,401,3,882.12,5,Los Angelos
852,5/4/2025,1135,2038,404,0,926.51,2,Chicago
853,5/4/2025,1038,2017,402,2,741.92,3,Atlanta
854,5/4/2025,1104,2072,404,1,1134.81,5,Chicago
855,5/4/2025,1080,2091,402,0,2717.37,1,Atlanta
856,5/4/2025,1124,2042,402,2,0,2,Atlanta
857,5/4/2025,1162,2007,401,3,583.39,4,Los Angelos
858,5/4/2025,1070,2026,402,1,190.4,3,Atlanta
859,5/4/2025,1125,2097,401,1,3031.56,4,Los Angelos
860,5/4/2025,1157,2055,404,3,53.94,3,Chicago
861,5/4/2025,1109,2061,404,0,799.68,5,Chicago
862,5/4/2025,1009,2068,402,2,0,6,Atlanta
863,5/4/2025,1003,2041,402,0,2412.63,4,Atlanta
864,5/4/2025,1173,2000,402,1,872.38,5,Atlanta
865,5/4/2025,1177,2044,403,1,373.64,2,Philadelphia
866,5/4/2025,1026,2049,403,1,3383.42,1,Philadelphia
867,5/4/2025,1016,2005,403,2,686.05,2,Philadelphia
868,5/4/2025,1116,2093,403,3,755.94,6,Philadelphia
869,5/4/2025,1175,2017,403,3,463.7,1,Philadelphia
870,5/4/2025,1091,2096,402,1,1209.92,2,Atlanta
871,5/4/2025,1103,2002,402,1,779.4,3,Atlanta
872,5/4/2025,1186,2016,402,0,646.04,2,Atlanta
873,5/4/2025,1150,2064,402,0,294.04,1,Atlanta
874,5/4/2025,1093,2091,401,3,2717.37,5,Los Angelos
875,5/4/2025,1163,2032,401,0,0,2,Los Angelos
876,5/4/2025,1169,2013,401,0,935.36,3,Los Angelos
877,5/4/2025,1176,2014,404,3,1231.5,5,Chicago
878,5/4/2025,1097,2015,403,3,2699.88,1,Philadelphia
879,5/4/2025,1179,2019,402,0,1867.86,2,Atlanta
880,5/4/2025,1077,2053,401,2,976.24,4,Los Angelos
881,5/4/2025,1159,2077,402,3,561.83,3,Atlanta
882,5/4/2025,1026,2065,401,2,1881.36,4,Los Angelos
883,5/4/2025,1029,2013,404,1,0,3,Chicago
884,5/4/2025,1155,2025,403,1,503.32,5,Philadelphia
885,5/4/2025,1091,2090,404,2,171.94,6,Chicago
886,5/4/2025,1041,2005,404,1,385.9,4,Chicago
887,5/4/2025,1176,2061,403,1,359.86,5,Philadelphia
888,5/4/2025,1000,2001,401,0,1649.4,2,Los Angelos
889,5/4/2025,1146,2085,404,1,653.81,1,Chicago
890,5/4/2025,1023,2099,401,0,1292.64,2,Los Angelos
891,5/4/2025,1065,2082,402,3,266.6,6,Atlanta
892,5/4/2025,1075,2033,404,0,2508.75,1,Chicago
893,5/4/2025,1025,2022,401,2,1073.89,2,Los Angelos
894,5/4/2025,1092,2086,403,3,894.1,3,Philadelphia
895,5/4/2025,1189,2014,401,0,0,2,Los Angelos
896,5/4/2025,1002,2017,402,2,0,1,Atlanta
897,5/4/2025,1091,2056,403,0,1049.44,5,Philadelphia
898,5/4/2025,1095,2043,402,0,0,2,Atlanta
899,5/4/2025,1102,2051,404,2,93.86,3,Chicago
900,5/4/2025,1098,2088,404,3,0,5,Chicago
901,5/4/2025,1166,2021,401,1,0,1,Los Angelos
902,5/4/2025,1178,2092,401,1,867.98,2,Los Angelos
903,5/4/2025,1026,2053,404,3,1830.45,4,Chicago
904,5/4/2025,1046,2078,404,2,454.43,3,Chicago
905,5/4/2025,1156,2003,402,3,1925.9,4,Atlanta
906,5/4/2025,1124,2014,404,3,0,3,Chicago
907,5/4/2025,1011,2008,403,2,106.54,5,Philadelphia
908,5/4/2025,1003,2090,402,2,57.31,6,Atlanta
909,5/4/2025,1132,2066,401,3,1548.18,4,Los Angelos
910,5/4/2025,1169,2093,402,3,755.94,5,Atlanta
911,5/4/2025,1088,2084,404,1,0,2,Chicago
912,5/4/2025,1142,2078,401,0,568.04,1,
913,5/4/2025,1164,2020,404,3,1879.15,2,Chicago
914,5/4/2025,1042,2009,404,2,53.05,6,Chicago
915,5/4/2025,1061,2042,403,0,167.61,1,Philadelphia
916,5/4/2025,1129,2028,404,3,2551.76,2,Chicago
917,5/4/2025,1060,2010,404,3,544.88,3,Chicago
918,5/4/2025,1146,2057,401,3,436.98,2,Los Angelos
919,5/4/2025,1114,2040,401,3,34.54,1,Los Angelos
920,5/4/2025,1190,2083,401,0,2304.48,5,Los Angelos
921,5/4/2025,1103,2052,401,0,2193.78,2,Los Angelos
922,5/4/2025,1023,2077,403,1,505.65,3,Philadelphia
923,5/4/2025,1167,2085,404,2,387.44,5,Chicago
924,5/4/2025,1093,2006,402,3,594,1,Atlanta
925,5/4/2025,1084,2071,404,2,492.13,2,Chicago
926,5/4/2025,1183,2057,401,0,873.96,4,Los Angelos
927,5/4/2025,1194,2084,402,0,563.7,3,Atlanta
928,5/4/2025,1087,2045,403,2,499.42,4,Philadelphia
929,5/4/2025,1179,2013,401,1,1683.65,3,Los Angelos
930,5/4/2025,1126,2017,404,0,927.4,5,Chicago
931,5/4/2025,1065,2078,402,1,127.81,6,Atlanta
932,5/4/2025,1030,2050,402,3,186.78,4,Atlanta
933,5/4/2025,1005,2024,403,0,621.35,5,Philadelphia
934,5/4/2025,1193,2053,401,0,1830.45,2,Los Angelos
935,5/4/2025,1197,2057,404,1,1179.85,1,Chicago
936,5/4/2025,1127,2000,401,3,969.31,2,Los Angelos
937,5/4/2025,1149,2061,402,1,359.86,6,Atlanta
938,5/4/2025,1187,2016,401,3,2584.16,1,Los Angelos
939,5/4/2025,1168,2076,403,3,2418.21,2,Philadelphia
940,5/4/2025,1107,2077,402,2,898.93,3,Atlanta
941,5/4/2025,1101,2043,403,3,3493.8,2,Philadelphia
942,5/4/2025,1034,2017,404,2,0,1,Chicago
943,5/4/2025,1179,2070,403,1,61.52,5,Philadelphia
944,5/4/2025,1051,2026,403,2,338.5,2,Philadelphia
945,5/4/2025,1172,2016,402,2,516.83,3,Atlanta
946,5/4/2025,1181,2014,403,3,246.3,5,Philadelphia
947,5/4/2025,1149,2073,404,2,799.09,1,Chicago
948,5/4/2025,1108,2001,401,0,412.35,2,Los Angelos
949,5/4/2025,1097,2018,401,0,1084.52,4,Los Angelos
950,5/4/2025,1051,2034,402,2,217.87,3,Atlanta
951,5/4/2025,1174,2032,402,0,4728,4,Atlanta
952,5/4/2025,1176,2037,402,0,720.28,3,Atlanta
953,5/4/2025,1091,2057,401,1,786.56,5,Los Angelos
954,5/4/2025,1190,2082,404,1,239.94,6,Chicago
955,5/4/2025,1130,2089,403,0,413.52,4,Philadelphia
956,5/4/2025,1097,2049,404,2,0,5,Chicago
957,5/4/2025,1141,2006,401,2,0,2,Los Angelos
958,5/4/2025,1051,2079,404,1,1710.97,1,Chicago
959,5/4/2025,1162,2090,403,1,257.9,2,Philadelphia
960,5/4/2025,1198,2092,402,2,771.54,6,Atlanta
961,5/4/2025,1114,2022,401,1,3020.31,1,Los Angelos
962,5/4/2025,1044,2094,401,3,493.35,2,Los Angelos
963,5/4/2025,1010,2054,403,2,720.41,3,Philadelphia
964,5/4/2025,1033,2020,403,0,751.66,2,Philadelphia
965,5/4/2025,1084,2059,402,0,0,1,Atlanta
966,5/4/2025,1039,2041,401,2,0,5,Los Angelos
967,5/4/2025,1125,2073,403,0,1997.72,2,Philadelphia
968,5/4/2025,1005,2090,403,1,193.43,3,Philadelphia
969,5/4/2025,1047,2066,401,1,464.45,5,Los Angelos
970,5/4/2025,1106,2069,404,0,464.78,1,Chicago
971,5/4/2025,1089,2028,402,2,0,2,Atlanta
972,5/4/2025,1084,2046,403,1,0,4,Philadelphia
973,5/4/2025,1192,2079,404,0,950.54,3,Chicago
974,5/4/2025,1029,2085,403,3,726.45,4,Philadelphia
975,5/4/2025,1061,2082,402,0,533.2,3,Atlanta
976,5/4/2025,1174,2041,404,0,804.21,5,Chicago
977,5/4/2025,1098,2032,403,0,0,6,Philadelphia
978,5/4/2025,1132,2098,403,3,3631.44,4,Philadelphia
979,5/4/2025,1124,2005,403,1,1157.71,5,Philadelphia
980,5/4/2025,1082,2065,401,0,1411.02,2,Los Angelos
981,5/4/2025,1042,2098,401,0,4539.3,1,Los Angelos
982,5/4/2025,1053,2085,402,3,726.45,2,Atlanta
983,5/4/2025,1026,2026,404,0,423.12,6,Chicago
984,5/4/2025,1191,2087,402,0,477.96,1,Atlanta
985,5/4/2025,1117,2091,403,0,1811.58,2,Philadelphia
986,5/4/2025,1022,2009,401,1,119.36,3,Los Angelos
987,5/4/2025,1064,2071,401,1,1107.29,2,Los Angelos
988,5/4/2025,1066,2052,404,3,5118.82,1,Chicago
989,5/4/2025,1161,2051,404,2,375.42,5,Chicago
990,5/4/2025,1004,2049,401,0,939.84,2,Los Angelos
991,5/4/2025,1164,2092,401,0,2893.26,3,Los Angelos
992,5/4/2025,1179,2009,403,0,66.31,5,Philadelphia
993,5/4/2025,1074,2087,403,0,477.96,1,Philadelphia
994,5/4/2025,1072,2097,404,3,842.1,2,Chicago
995,5/4/2025,1101,2084,401,3,1127.4,4,Los Angelos
996,5/4/2025,1040,2068,402,1,2952.86,3,Atlanta
997,5/4/2025,1191,2050,403,1,504.31,4,Philadelphia
998,5/4/2025,1076,2086,403,0,2682.3,3,Philadelphia
999,5/4/2025,1141,2071,402,0,1230.32,5,Atlanta
1000,5/4/2025,1010,2000,404,0,3877.24,6,Chicago
1001,5/4/2025,1078,2026,403,1,761.62,4,Philadelphia
1002,5/4/2025,1105,2082,402,1,239.94,5,Atlanta
1003,5/4/2025,1047,2028,403,1,1148.29,2,Philadelphia
1004,5/4/2025,1029,2023,401,3,2818.62,1,Los Angelos
1005,5/4/2025,1165,2070,401,2,54.69,2,Los Angelos
1006,5/4/2025,1171,2008,403,0,133.18,6,Philadelphia
1007,5/4/2025,1050,2092,404,2,771.54,1,Chicago
1008,5/4/2025,1091,2016,402,0,1292.08,2,Atlanta
1009,5/4/2025,1072,2079,401,1,855.49,3,Los Angelos
1010,5/4/2025,1081,2062,404,2,495.49,2,Chicago
1011,5/4/2025,1157,2084,403,1,253.67,1,Philadelphia
1012,5/4/2025,1144,2072,403,2,672.48,5,Philadelphia
1013,5/4/2025,1109,2021,401,2,668.33,2,Los Angelos
1014,5/4/2025,1063,2028,404,2,510.35,3,Chicago
1015,5/4/2025,1092,2017,403,3,1854.8,5,Philadelphia
1016,5/4/2025,1118,2057,403,2,699.17,1,Philadelphia
1017,5/4/2025,1124,2070,401,1,30.76,2,Los Angelos
1018,5/4/2025,1165,2077,401,2,449.46,4,Los Angelos
1019,5/4/2025,1035,2068,402,2,1968.58,3,Atlanta
1020,5/4/2025,1187,2080,401,0,0,4,Los Angelos
1021,5/4/2025,1004,2064,401,3,882.12,3,Los Angelos
1022,5/4/2025,1196,2075,402,0,2341.92,5,Atlanta
1023,5/4/2025,1141,2033,404,1,0,6,Chicago
1024,5/4/2025,1093,2050,402,2,448.27,4,Atlanta
1025,5/4/2025,1034,2059,401,3,1536.15,5,Los Angelos
1026,5/4/2025,1093,2064,401,1,793.91,2,Los Angelos
1027,5/4/2025,1157,2087,402,1,286.78,1,Atlanta
1028,5/4/2025,1114,2020,402,1,676.49,2,Atlanta
1029,5/4/2025,1188,2093,404,2,1814.26,6,Chicago
1030,5/4/2025,1010,2028,404,1,1148.29,1,Chicago
1031,5/4/2025,1016,2033,403,1,2257.88,2,Philadelphia
1032,5/4/2025,1010,2085,402,2,387.44,3,Atlanta
1033,5/4/2025,1099,2060,404,0,0,2,Chicago
1034,5/4/2025,1010,2083,403,0,768.16,1,Philadelphia
1035,5/4/2025,1180,2066,403,2,1238.54,5,Philadelphia
1036,5/4/2025,1148,2069,402,3,697.17,2,Atlanta
1037,5/4/2025,1167,2048,403,0,1072.89,3,Philadelphia
1038,5/4/2025,1132,2032,404,1,851.04,5,Chicago
1039,5/4/2025,1132,2051,403,2,187.71,1,Philadelphia
1040,5/4/2025,1124,2061,401,1,0,2,Los Angelos
1041,5/4/2025,1112,2021,402,0,835.41,4,Atlanta
1042,5/4/2025,1131,2082,403,1,239.94,3,Philadelphia
1043,5/4/2025,1038,2023,402,2,0,4,Atlanta
1044,5/4/2025,1154,2091,401,1,3260.84,3,Los Angelos
1045,5/4/2025,1106,2042,401,3,1173.27,5,Los Angelos
1046,5/4/2025,1172,2061,404,1,719.71,6,Chicago
1047,5/4/2025,1151,2020,404,0,1127.49,4,Chicago
1048,5/4/2025,1062,2005,402,1,385.9,5,Atlanta
1049,5/4/2025,1034,2080,401,1,2996.14,2,Los Angelos
1050,5/4/2025,1014,2021,403,1,1503.74,1,Philadelphia
1051,5/4/2025,1132,2051,401,2,281.57,2,Los Angelos
1052,5/4/2025,1021,2027,404,3,775.83,6,Chicago
1053,5/4/2025,1123,2021,402,3,0,1,Atlanta
1054,5/4/2025,1153,2018,402,2,867.62,2,Atlanta
1055,5/4/2025,1042,2092,403,3,1446.63,3,Philadelphia
1056,5/4/2025,1152,2075,401,1,2107.73,2,Los Angelos
1057,5/4/2025,1096,2049,402,0,939.84,1,Atlanta
1058,5/4/2025,1004,2025,404,1,0,5,Chicago
1059,5/4/2025,1155,2012,402,3,623.19,2,Atlanta
1060,5/4/2025,1157,2076,401,0,2418.21,3,
1061,5/4/2025,1023,2061,402,0,199.92,5,Atlanta
1062,5/4/2025,1198,2086,404,3,894.1,1,Chicago
1063,5/4/2025,1094,2005,404,1,771.8,2,Chicago
1064,5/4/2025,1123,2098,404,2,3631.44,4,Chicago
1065,5/4/2025,1150,2094,401,3,2466.75,3,Los Angelos
1066,5/4/2025,1034,2032,404,1,1702.08,4,Chicago
1067,5/4/2025,1021,2036,404,2,348.77,3,Chicago
1068,5/4/2025,1048,2000,401,0,4846.55,5,Los Angelos
1069,5/4/2025,1133,2000,404,1,872.38,6,Chicago
1070,5/4/2025,1176,2040,404,2,55.26,4,Chicago
1071,5/4/2025,1027,2019,404,2,747.14,5,Chicago
1072,5/4/2025,1066,2068,404,2,1968.58,2,Chicago
1073,5/4/2025,1156,2035,404,1,0,1,Chicago
1074,5/4/2025,1105,2070,404,1,0,2,Chicago
1075,5/4/2025,1094,2071,404,2,984.26,6,Chicago
1076,5/4/2025,1078,2073,403,3,499.43,1,Philadelphia
1077,5/4/2025,1188,2017,401,1,417.33,2,Los Angelos
1078,5/4/2025,1114,2089,402,0,827.04,3,Atlanta
1079,5/4/2025,1054,2065,404,2,376.27,2,Chicago
1080,5/4/2025,1140,2078,401,1,255.62,1,Los Angelos
1081,5/4/2025,1099,2081,401,0,1492.44,5,Los Angelos
1082,5/4/2025,1037,2060,404,0,1225.14,2,Chicago
1083,5/4/2025,1016,2033,402,2,2007,3,Atlanta
1084,5/4/2025,1020,2077,401,3,561.83,5,Los Angelos
1085,5/4/2025,1102,2078,403,0,142.01,1,Philadelphia
1086,5/4/2025,1198,2022,404,3,671.18,2,Chicago
1087,5/4/2025,1002,2025,403,1,503.32,4,Philadelphia
1088,5/4/2025,1008,2076,402,1,1450.93,3,Atlanta
1089,5/4/2025,1172,2004,403,1,834.52,4,Philadelphia
1090,5/4/2025,1167,2000,402,0,969.31,3,Atlanta
1091,5/4/2025,1070,2099,404,2,1551.17,5,Chicago
1092,5/4/2025,1171,2050,404,1,168.1,6,Chicago
1093,5/4/2025,1132,2001,401,0,2061.75,4,Los Angelos
1094,5/4/2025,1140,2036,403,2,348.77,5,Philadelphia
1095,5/4/2025,1070,2028,402,3,2551.76,2,Atlanta
1096,5/4/2025,1103,2073,401,2,0,1,Los Angelos
1097,5/4/2025,1044,2052,401,0,2193.78,2,Los Angelos
1098,5/4/2025,1128,2037,403,0,0,6,Philadelphia
1099,5/4/2025,1131,2032,403,3,4728,1,Philadelphia
1100,5/4/2025,1096,2072,404,1,378.27,2,Chicago
1101,5/4/2025,1193,2043,404,3,2620.35,3,Chicago
1102,5/4/2025,1150,2003,404,0,1155.54,2,Chicago
1103,5/4/2025,1066,2008,404,1,59.93,1,CHI
1104,5/4/2025,1173,2089,402,2,0,5,\
1105,5/4/2025,1105,2045,401,2,499.42,2,Los Angelos
1106,5/4/2025,1063,2036,401,3,653.94,3,Los Angelos
1107,5/4/2025,1172,2095,403,0,981.58,5,Philadelphia
1108,5/4/2025,1141,2022,404,2,0,1,Chicago
1109,5/4/2025,1090,2027,403,1,698.25,2,Philadelphia
1110,5/4/2025,1191,2087,402,3,955.92,4,Atlanta
1111,5/4/2025,1188,2025,402,1,251.66,3,Atlanta
1112,5/4/2025,1067,2026,402,1,380.81,4,Atlanta
1113,5/4/2025,1063,2079,403,1,1710.97,3,Philadelphia
1114,5/4/2025,1199,2013,401,0,5612.16,5,Los Angelos
1115,5/4/2025,1173,2084,404,0,281.85,6,Chicago
1116,5/4/2025,1195,2069,401,3,697.17,4,Los Angelos
1117,5/4/2025,1095,2079,403,3,950.54,5,Philadelphia
1118,5/4/2025,1147,2035,404,1,809.99,2,Chicago
1119,5/4/2025,1195,2065,403,3,1411.02,1,Philadelphia
1120,5/4/2025,1056,2096,402,0,0,2,Atlanta
1121,5/4/2025,1134,2054,404,0,3602.04,6,Chicago
1122,5/4/2025,1128,2044,404,1,373.64,1,Chicago
1123,5/4/2025,1117,2015,404,2,1619.93,2,Chicago
1124,5/4/2025,1176,2001,401,1,371.12,3,Los Angelos
1125,5/4/2025,1097,2074,401,2,527.6,2,Los Angelos
1126,5/4/2025,1092,2078,403,1,383.43,1,Philadelphia
1127,5/4/2025,1140,2033,402,2,1338,5,Atlanta
1128,5/4/2025,1120,2078,403,2,227.22,2,Philadelphia
1129,5/4/2025,1047,2063,404,1,0,3,Chicago
1130,5/4/2025,1107,2089,403,2,330.82,5,Philadelphia
1131,5/4/2025,1102,2035,404,1,1619.98,1,Chicago
1132,5/4/2025,1146,2016,402,0,0,2,Atlanta
1133,5/4/2025,1184,2034,402,3,680.85,4,Atlanta
1134,5/4/2025,1097,2025,402,1,1258.29,3,Atlanta
1135,5/4/2025,1121,2001,402,3,0,4,Atlanta
1136,5/4/2025,1127,2017,403,3,0,3,Philadelphia
1137,5/4/2025,1076,2032,401,3,6619.2,5,Los Angelos
1138,5/4/2025,1025,2088,402,0,0,6,Atlanta
1139,5/4/2025,1055,2032,404,0,945.6,,Chicago
1140,5/4/2025,1115,2095,403,2,0,5,Philadelphia
1141,5/4/2025,1092,2046,403,2,80.23,2,Philadelphia
1142,5/4/2025,1005,2052,401,2,1170.02,1,Los Angelos
1143,5/4/2025,1173,2077,402,1,1516.94,2,Atlanta
1144,5/4/2025,1199,2036,403,2,871.92,6,Philadelphia
1145,5/4/2025,1172,2065,404,3,2822.04,1,Chicago
1146,5/4/2025,1020,2048,403,3,1072.89,2,Philadelphia
1147,5/4/2025,1161,2018,402,2,1301.42,3,Atlanta
1148,5/4/2025,1107,2080,404,0,4993.56,2,Chicago
1149,5/4/2025,1020,2020,403,1,1014.74,1,Philadelphia
1150,5/4/2025,1080,2040,403,2,55.26,5,Philadelphia
1151,5/4/2025,1154,2082,404,2,639.84,2,Chicago
1152,5/4/2025,1113,2099,403,3,646.32,3,Philadelphia
1153,5/4/2025,1105,2021,402,0,835.41,5,Atlanta
1154,5/4/2025,1032,2093,402,2,2419.01,1,Atlanta
1155,5/4/2025,1190,2089,401,1,0,2,Los Angelos
1156,5/4/2025,1042,2050,401,0,1120.68,4,Los Angelos
1157,5/4/2025,1016,2060,401,0,816.76,3,Los Angelos
1158,5/4/2025,1197,2050,401,0,560.34,4,Los Angelos
1159,5/4/2025,1067,2079,402,0,1901.08,3,Atlanta
1160,5/4/2025,1167,2049,403,1,0,5,Philadelphia
1161,5/4/2025,1063,2094,403,3,493.35,6,Philadelphia
1162,5/4/2025,1160,2016,402,1,1162.87,4,Atlanta
1163,5/4/2025,1007,2004,403,2,2225.4,5,Philadelphia
1164,5/4/2025,1121,2059,403,3,2048.2,2,Philadelphia
1165,5/4/2025,1034,2089,402,3,2481.12,1,Atlanta
1166,5/4/2025,1161,2095,404,2,392.63,2,Chicago
1167,5/4/2025,1088,2061,402,0,799.68,6,Atlanta
1168,5/4/2025,1113,2039,403,3,976.44,1,Philadelphia
1169,5/4/2025,1066,2019,403,0,933.93,2,Philadelphia
1170,5/4/2025,1000,2066,402,2,412.85,3,Atlanta
1171,5/4/2025,1073,2060,401,3,0,2,Los Angelos
1172,5/4/2025,1193,2061,403,0,199.92,1,Philadelphia
1173,5/4/2025,1196,2055,403,1,194.18,5,Philadelphia
1174,5/4/2025,1001,2070,403,1,61.52,2,Philadelphia
1175,5/4/2025,1105,2071,404,3,615.16,3,Chicago
1176,5/4/2025,1063,2020,404,3,375.83,5,Chicago
1177,5/4/2025,1056,2033,401,3,836.25,1,l
1178,5/4/2025,1160,2030,403,2,271.95,2,Philadelphia
1179,5/4/2025,1166,2095,403,3,1472.37,4,Philadelphia
1180,5/4/2025,1048,2008,402,1,0,3,Atlanta
1181,5/4/2025,1074,2014,404,3,738.9,4,Chicago
1182,5/4/2025,1069,2089,404,1,372.17,3,Chicago
1183,5/4/2025,1082,2002,402,0,1732,5,Atlanta
1184,5/4/2025,1136,2002,402,0,1732,6,Atlanta
1185,5/4/2025,1072,2034,402,3,0,4,Atlanta
1186,5/4/2025,1186,2001,402,0,824.7,5,Atlanta
1187,5/4/2025,1038,2001,404,1,0,2,Chicago
1188,5/4/2025,1087,2053,403,3,2440.6,1,Philadelphia
1189,5/4/2025,1095,2059,401,2,1638.56,2,Los Angelos
1190,5/4/2025,1020,2096,402,0,2688.72,6,Atlanta
1191,5/4/2025,1068,2099,404,0,1938.96,1,Chicago
1192,5/4/2025,1139,2060,402,1,1102.63,2,Atlanta
1193,5/4/2025,1064,2048,401,0,715.26,3,Los Angelos
1194,5/4/2025,1196,2091,402,3,0,2,Atlanta
1195,5/4/2025,1197,2056,402,0,1049.44,1,Atlanta
1196,5/4/2025,1050,2058,401,1,1800.22,5,Los Angelos
1197,5/4/2025,1121,2049,403,2,751.87,2,Philadelphia
1198,5/4/2025,1040,2080,401,0,1664.52,3,Los Angelos
1199,5/4/2025,1064,2061,403,1,179.93,5,Philadelphia
1200,5/4/2025,1092,2006,402,0,198,1,Atlanta
1201,5/4/2025,1060,2081,404,2,1193.95,2,Chicago
1202,5/4/2025,1003,2021,403,0,2506.23,4,Philadelphia
1203,5/4/2025,1101,2031,401,0,1130.6,3,Los Angelos
1204,5/4/2025,1148,2088,404,1,0,4,Chicago
1205,5/4/2025,1095,2098,401,1,2451.22,3,Los Angelos
1206,5/4/2025,1040,2063,401,2,883.94,5,Los Angelos
1207,5/4/2025,1194,2080,401,0,1664.52,6,Los Angelos
1208,5/4/2025,1091,2082,402,0,0,4,Atlanta
1209,5/4/2025,1032,2062,402,2,1981.95,5,Atlanta
1210,5/4/2025,1142,2082,403,3,799.8,2,Philadelphia
1211,5/4/2025,1187,2024,401,3,372.81,1,Los Angelos
1212,5/4/2025,1091,2092,402,2,385.77,2,Atlanta
1213,5/4/2025,1010,2062,404,2,990.98,6,Chicago
1214,5/4/2025,1138,2089,404,1,744.34,1,Chicago
1215,5/4/2025,1145,2023,403,2,1503.26,2,Philadelphia
1216,5/4/2025,1187,2059,403,1,1843.38,3,Philadelphia
1217,5/4/2025,1017,2067,402,3,0,2,Atlanta
1218,5/4/2025,1075,2033,403,3,836.25,1,Philadelphia
1219,5/4/2025,1000,2099,404,1,2326.75,5,Chicago
1220,5/4/2025,1004,2079,403,1,0,2,Philadelphia
1221,5/4/2025,1082,2092,401,3,0,3,Los Angelos
1222,5/4/2025,1048,2067,404,1,785.56,5,Chicago
1223,5/4/2025,1156,2036,403,3,0,1,Philadelphia
1224,5/4/2025,1164,2041,401,0,804.21,2,Los Angelos
1225,5/4/2025,1133,2084,401,0,0,4,Los Angelos
1226,5/4/2025,1033,2022,401,1,604.06,3,Los Angelos
1227,5/4/2025,1027,2062,402,0,1238.72,4,Atlanta
1228,5/4/2025,1008,2073,404,3,1498.29,3,Chicago
1229,5/4/2025,1134,2079,403,0,950.54,5,Philadelphia
1230,5/4/2025,1093,2028,401,0,1275.88,6,Los Angelos
1231,5/4/2025,1053,2083,404,0,2304.48,4,Chicago
1232,5/4/2025,1119,2081,401,2,0,5,Los Angelos
1233,5/4/2025,1142,2095,404,2,1177.9,2,Chicago
1234,5/4/2025,1181,2007,403,0,583.39,1,Philadelphia
1235,5/4/2025,1187,2009,403,0,265.24,2,Philadelphia
1236,5/4/2025,1055,2066,401,0,2580.3,6,Los Angelos
1237,5/4/2025,1185,2029,404,1,12.16,1,Chicago
1238,5/4/2025,1049,2067,402,1,261.86,2,Atlanta
1239,5/4/2025,1142,2095,404,0,1963.16,3,Chicago
1240,5/4/2025,1196,2081,403,3,746.22,2,Philadelphia
1241,5/4/2025,1179,2085,404,0,242.15,1,Chicago
1242,5/4/2025,1042,2023,404,2,2254.9,5,Chicago
1243,5/4/2025,1168,2020,404,2,601.33,2,Chicago
1244,5/4/2025,1080,2070,403,2,0,3,Philadelphia
1245,5/4/2025,1105,2097,404,2,673.68,5,Chicago
1246,5/4/2025,1155,2030,402,3,509.91,1,Atlanta
1247,5/4/2025,1196,2070,403,2,27.34,2,Philadelphia
1248,5/4/2025,1115,2057,404,0,1747.92,4,Chicago
1249,5/4/2025,1185,2004,403,0,2781.75,3,Philadelphia
1250,5/4/2025,1132,2017,403,0,0,4,Philadelphia
1251,5/4/2025,1076,2028,402,2,1020.7,3,Atlanta
1252,5/4/2025,1005,2098,403,1,3268.3,5,Philadelphia
1253,5/4/2025,1024,2004,404,2,1483.6,6,Chicago
1254,5/4/2025,1039,2017,403,2,370.96,4,Philadelphia
1255,5/4/2025,1149,2031,402,2,904.48,5,Atlanta
1256,5/4/2025,1076,2011,404,1,737.53,2,Chicago
1257,5/4/2025,1187,2009,403,3,198.93,1,Philadelphia
1258,5/4/2025,1044,2062,401,2,495.49,2,Los Angelos
1259,5/4/2025,1009,2093,404,0,0,6,Chicago
1260,5/4/2025,1199,2007,403,2,1400.14,1,Philadelphia
1261,5/4/2025,1111,2053,401,1,3294.81,2,Los Angelos
1262,5/4/2025,1191,2083,401,3,768.16,3,Los Angelos
1263,5/4/2025,1013,2039,401,2,1562.3,2,Los Angelos
1264,5/4/2025,1138,2072,402,2,672.48,1,Atlanta
1265,5/4/2025,1128,2089,402,1,744.34,5,Atlanta
1266,5/4/2025,1012,2086,404,3,2682.3,2,Chicago
1267,5/4/2025,1192,2076,401,1,1450.93,3,Los Angelos
1268,5/4/2025,1110,2037,404,1,324.13,5,Chicago
1269,5/4/2025,1033,2043,401,3,4367.25,1,Los Angelos
1270,5/4/2025,1146,2095,401,3,1963.16,2,Los Angelos
1271,5/4/2025,1067,2010,404,3,0,4,Chicago
1272,5/4/2025,1198,2089,402,1,744.34,3,Atlanta
1273,5/4/2025,1123,2071,402,3,1845.48,4,Atlanta
1274,5/4/2025,1101,2083,402,1,2074.03,3,Atlanta
1275,5/4/2025,1062,2009,403,3,66.31,5,Philadelphia
1276,5/4/2025,1082,2087,401,0,318.64,6,Los Angelos
1277,5/4/2025,1171,2052,404,2,0,4,Chicago
1278,5/4/2025,1089,2024,403,2,298.25,5,Philadelphia
1279,5/4/2025,1152,2083,401,2,1843.58,2,Los Angelos
1280,5/4/2025,1043,2044,404,1,373.64,1,Chicago
1281,5/4/2025,1112,2005,402,1,0,2,Atlanta
1282,5/4/2025,1175,2047,402,0,1004.94,6,Atlanta
1283,5/4/2025,1028,2094,401,1,888.03,1,Los Angelos
1284,5/4/2025,1158,2018,403,0,2169.04,2,Philadelphia
1285,5/4/2025,1087,2088,401,2,567.48,3,Los Angelos
1286,5/4/2025,1115,2060,401,2,980.11,2,Los Angelos
1287,5/4/2025,1053,2094,402,1,888.03,1,Atlanta
1288,5/4/2025,1139,2066,403,3,2580.3,5,Philadelphia
1289,5/4/2025,1159,2093,402,0,0,2,Atlanta
1290,5/4/2025,1096,2074,401,2,1055.2,3,Los Angelos
1291,5/4/2025,1043,2007,403,1,525.05,5,Philadelphia
1292,5/4/2025,1178,2079,403,0,950.54,1,Philadelphia
1293,5/4/2025,1119,2083,401,0,768.16,2,Los Angelos
1294,5/4/2025,1099,2084,403,2,0,4,Philadelphia
1295,5/4/2025,1027,2002,403,3,866,3,Philadelphia
1296,5/4/2025,1059,2048,401,2,572.21,4,Los Angelos
1297,5/4/2025,1124,2076,401,1,2176.39,3,Los Angelos
1298,5/4/2025,1050,2064,404,0,1470.2,5,Chicago
1299,5/4/2025,1010,2031,403,2,1356.72,6,Philadelphia
1300,5/4/2025,1125,2050,402,0,373.56,4,Atlanta
1301,5/4/2025,1088,2087,403,2,509.82,5,Philadelphia
1302,5/4/2025,1160,2038,402,2,2223.62,2,Atlanta
1303,5/4/2025,1015,2080,403,3,2496.78,1,Philadelphia
1304,5/4/2025,1007,2071,403,1,553.64,2,Philadelphia
1305,5/4/2025,1038,2043,404,1,786.1,6,Chicago
1306,5/4/2025,1022,2093,404,1,2721.38,1,Chicago
1307,5/4/2025,1106,2030,402,3,1019.82,2,Atlanta
1308,5/4/2025,1079,2077,403,3,561.83,3,Philadelphia
1309,5/4/2025,1138,2016,402,1,872.15,2,Atlanta
1310,5/4/2025,1148,2069,402,1,418.3,1,Atlanta
1311,5/4/2025,1079,2088,402,3,709.35,5,Atlanta
1312,5/4/2025,1197,2018,402,2,867.62,2,Atlanta
1313,5/4/2025,1017,2071,401,1,553.64,3,Los Angelos
1314,5/4/2025,1081,2018,401,2,867.62,5,Los Angelos
1315,5/4/2025,1105,2052,403,3,731.26,1,Philadelphia
1316,5/4/2025,1190,2081,403,1,0,2,Philadelphia
1317,5/4/2025,1199,2024,401,1,223.69,4,Los Angelos
1318,5/4/2025,1047,2003,403,1,346.66,3,Philadelphia
1319,5/4/2025,1152,2029,402,0,27.02,4,Atlanta
1320,5/4/2025,1091,2010,404,1,210.17,3,Chicago
1321,5/4/2025,1128,2077,404,2,0,5,Chicago
1322,5/4/2025,1047,2049,404,3,0,6,Chicago
1323,5/4/2025,1035,2020,402,1,676.49,4,Atlanta
1324,5/4/2025,1008,2052,401,2,585.01,5,Los Angelos
1325,5/4/2025,1105,2028,402,1,1148.29,2,Atlanta
1326,5/4/2025,1016,2022,404,3,2684.72,1,Chicago
1327,5/4/2025,1176,2041,404,1,1447.58,2,Chicago
1328,5/4/2025,1109,2051,401,3,469.28,6,Los Angelos
1329,5/4/2025,1184,2040,404,0,103.62,1,Chicago
1330,5/4/2025,1133,2013,404,3,3741.44,2,Chicago
1331,5/4/2025,1010,2031,404,0,1130.6,3,Chicago
1332,5/4/2025,1142,2049,401,1,0,2,Los Angelos
1333,5/4/2025,1074,2056,404,2,839.55,1,Chicago
1334,5/4/2025,1198,2036,404,1,392.36,5,Chicago
1335,5/4/2025,1108,2037,401,1,648.25,2,Los Angelos
1336,5/4/2025,1118,2082,404,0,799.8,3,Chicago
1337,5/4/2025,1184,2064,401,1,264.64,5,Los Angelos
1338,5/4/2025,1199,2074,402,3,1978.5,1,Atlanta
1339,5/4/2025,1105,2041,404,0,0,2,Chicago
1340,5/4/2025,1045,2058,402,3,0,4,Atlanta
1341,5/4/2025,1023,2032,403,1,1702.08,3,Philadelphia
1342,5/4/2025,1183,2093,401,0,2267.82,4,Los Angelos
1343,5/4/2025,1029,2090,404,2,57.31,3,Chicago
1344,5/4/2025,1021,2067,404,1,261.86,5,Chicago
1345,5/4/2025,1096,2070,404,0,136.72,6,Chicago
1346,5/4/2025,1196,2021,403,1,751.87,4,Philadelphia
1347,5/4/2025,1041,2018,402,0,1084.52,5,Atlanta
1348,5/4/2025,1107,2039,403,3,0,2,Philadelphia
1349,5/4/2025,1073,2080,402,0,3329.04,1,Atlanta
1350,5/4/2025,1033,2025,401,2,671.09,2,Los Angelos
1351,5/4/2025,1003,2058,404,3,2000.25,6,Chicago
1352,5/4/2025,1139,2000,404,1,1744.76,1,Chicago
1353,5/4/2025,1055,2075,404,3,3122.56,2,Chicago
1354,5/4/2025,1104,2056,401,0,1574.16,3,Los Angelos
1355,5/4/2025,1062,2070,403,1,30.76,2,Philadelphia
1356,5/4/2025,1012,2023,402,0,2818.62,1,Atlanta
1357,5/4/2025,1167,2044,401,1,560.47,5,Los Angelos
1358,5/4/2025,1008,2085,403,2,0,2,Philadelphia
1359,5/4/2025,1022,2006,401,3,990,3,Los Angelos
1360,5/4/2025,1045,2020,403,1,1352.99,5,Philadelphia
1361,5/4/2025,1116,2095,403,0,981.58,1,Philadelphia
1362,5/4/2025,1023,2098,403,2,1452.58,2,Philadelphia
1363,5/4/2025,1094,2048,401,3,1072.89,4,Los Angelos
1364,5/4/2025,1140,2008,403,3,0,3,Philadelphia
1365,5/4/2025,1034,2015,403,2,1079.95,4,Philadelphia
1366,5/4/2025,1134,2052,402,1,1316.27,3,Atlanta
1367,5/4/2025,1156,2007,401,0,1750.17,5,Los Angelos
1368,5/4/2025,1123,2092,403,3,0,6,Philadelphia
1369,5/4/2025,1155,2040,403,2,27.63,4,Philadelphia
1370,5/4/2025,1033,2078,404,3,568.04,5,Chicago
1371,5/4/2025,1126,2023,402,2,2254.9,2,Atlanta
1372,5/4/2025,1049,2000,401,0,3877.24,1,Los Angelos
1373,5/4/2025,1119,2080,401,1,0,2,Los Angelos
1374,5/4/2025,1157,2053,404,0,1830.45,6,Chicago
1375,5/4/2025,1085,2044,402,0,207.58,1,Atlanta
1376,5/4/2025,1163,2025,403,2,447.39,2,Philadelphia
1377,5/4/2025,1017,2039,403,2,3905.76,3,Philadelphia
1378,5/4/2025,1196,2000,401,2,0,2,Los Angelos
1379,5/4/2025,1087,2050,401,1,168.1,1,Los Angelos
1380,5/4/2025,1049,2042,403,3,670.44,5,Philadelphia
1381,5/4/2025,1121,2004,402,3,3709,2,Atlanta
1382,5/4/2025,1039,2080,404,2,665.81,3,Chicago
1383,5/4/2025,1118,2052,401,2,0,5,Los Angelos
1384,5/4/2025,1144,2092,403,0,1446.63,1,Philadelphia
1385,5/4/2025,1053,2073,403,2,1198.63,2,Philadelphia
1386,5/4/2025,1016,2019,403,0,0,4,Philadelphia
1387,5/4/2025,1086,2048,402,3,1072.89,3,Atlanta
1388,5/4/2025,1047,2076,401,2,0,4,Los Angelos
1389,5/4/2025,1180,2040,401,2,110.53,3,Los Angelos
1390,5/4/2025,1105,2011,404,1,0,5,Chicago
1391,5/4/2025,1095,2057,403,1,786.56,6,Philadelphia
1392,5/4/2025,1134,2038,402,0,926.51,4,Atlanta
1393,5/4/2025,1095,2004,402,0,0,5,Atlanta
1394,5/4/2025,1113,2064,401,3,294.04,2,Los Angelos
1395,5/4/2025,1128,2019,402,2,1494.29,1,Atlanta
1396,5/4/2025,1123,2093,403,2,3023.76,2,Philadelphia
1397,5/4/2025,1036,2098,401,1,817.07,6,Los Angelos
1398,5/4/2025,1052,2092,401,3,1928.84,1,Los Angelos
1399,5/4/2025,1099,2091,401,0,905.79,2,Los Angelos
1400,5/4/2025,1079,2005,401,2,1715.12,3,Los Angelos
1401,5/4/2025,1119,2005,401,2,686.05,2,Los Angelos
1402,5/4/2025,1005,2073,403,1,0,1,Philadelphia
1403,5/4/2025,1082,2025,402,2,223.7,5,Atlanta
1404,5/4/2025,1070,2068,403,3,2460.72,2,Philadelphia
1405,5/4/2025,1171,2015,403,1,0,3,Philadelphia
1406,5/4/2025,1040,2035,401,0,899.99,555555555,Los Angelos
1407,5/4/2025,1159,2071,401,1,1660.93,1,Los Angelos
1408,5/4/2025,1138,2044,403,2,0,2,Philadelphia
1409,5/4/2025,1036,2090,403,1,0,4,Philadelphia
1410,5/4/2025,1043,2009,403,2,106.1,3,Philadelphia
1411,5/4/2025,1138,2056,401,1,944.5,4,Los Angelos
1412,5/4/2025,1007,2060,401,0,816.76,3,Los Angelos
1413,5/4/2025,1098,2006,401,3,990,5,Los Angelos
1414,5/4/2025,1100,2022,404,2,1610.83,6,Chicago
1415,5/4/2025,1079,2042,402,0,167.61,4,Atlanta
1416,5/4/2025,1193,2097,404,1,2273.67,5,Chicago
1417,5/4/2025,1023,2089,404,0,413.52,2,Chicago
1418,5/4/2025,1116,2039,404,3,3905.76,1,Chicago
1419,5/4/2025,1059,2028,402,2,1531.06,2,Atlanta
1420,5/4/2025,1093,2050,402,2,298.85,6,Atlanta
1421,5/4/2025,1083,2058,404,0,2000.25,1,Chicago
1422,5/4/2025,1016,2060,401,2,653.41,2,Los Angelos
1423,5/4/2025,1122,2059,402,2,1228.92,3,Atlanta
1424,5/4/2025,1196,2044,402,0,207.58,2,Atlanta
1425,5/4/2025,1103,2091,401,2,2173.9,1,Los Angelos
1426,5/4/2025,1142,2083,401,2,1229.06,5,Los Angelos
1427,5/4/2025,1136,2059,404,3,2560.25,2,Chicago
1428,5/4/2025,1061,2079,402,1,2566.46,3,Atlanta
1429,5/4/2025,1123,2049,401,2,751.87,5,Los Angelos
1430,5/4/2025,1053,2088,404,3,709.35,1,Chicago
1431,5/4/2025,1145,2043,402,1,1572.21,2,Atlanta
1432,5/4/2025,1169,2085,401,3,1210.75,4,Los Angelos
1433,5/4/2025,1029,2075,404,2,1249.02,3,Chicago
1434,5/4/2025,1142,2012,404,1,1682.61,4,Chicago
1435,5/4/2025,1078,2051,401,0,117.32,3,Los Angelos
1436,5/4/2025,1175,2076,404,2,1289.71,5,Chicago
1437,5/4/2025,1126,2082,401,0,1066.4,6,Los Angelos
1438,5/4/2025,1055,2017,401,1,1669.32,4,Los Angelos
1439,5/4/2025,1169,2019,404,2,747.14,5,Chicago
1440,5/4/2025,1099,2078,404,1,383.43,2,Chicago
1441,5/4/2025,1052,2087,403,2,0,1,Philadelphia
1442,5/4/2025,1145,2086,403,3,2682.3,2,Philadelphia
1443,5/4/2025,1183,2044,401,0,1037.9,6,Los Angelos
1444,5/4/2025,1156,2065,404,1,423.31,1,Chicago
1445,5/4/2025,1075,2007,403,0,1166.78,2,Philadelphia
1446,5/4/2025,1000,2090,403,0,143.28,3,Philadelphia
1447,5/4/2025,1072,2003,402,3,0,2,Atlanta
1448,5/4/2025,1179,2075,404,2,1873.54,1,Chicago
1449,5/4/2025,1182,2048,404,3,357.63,5,Chicago
1450,5/4/2025,1111,2069,402,1,836.6,2,Atlanta
1451,5/4/2025,1121,2017,402,3,2782.2,3,Atlanta
1452,5/4/2025,1092,2053,402,2,1464.36,5,Atlanta
1453,5/4/2025,1171,2016,402,0,646.04,1,Atlanta
1454,5/4/2025,1018,2082,401,1,0,2,Los Angelos
1455,5/4/2025,1184,2062,404,1,1672.27,4,Chicago
1456,5/4/2025,1021,2017,404,3,463.7,3,Chicago
1457,5/4/2025,1178,2077,404,1,505.65,4,Chicago
1458,5/4/2025,1116,2065,404,3,470.34,3,Chicago
1459,5/4/2025,1098,2045,402,1,280.93,5,Atlanta
1460,5/4/2025,1108,2077,401,3,1685.49,6,Los Angelos
1461,5/4/2025,1187,2030,403,3,509.91,4,Philadelphia
1462,5/4/2025,1139,2073,403,0,499.43,5,Philadelphia
1463,5/4/2025,1009,2072,404,2,0,2,Chicago
1464,5/4/2025,1028,2074,404,0,3297.5,1,Chicago
1465,5/4/2025,1036,2093,403,3,0,2,Philadelphia
1466,5/4/2025,1132,2010,401,1,0,6,Los Angelos
1467,5/4/2025,1120,2080,401,2,665.81,1,Los Angelos
1468,5/4/2025,1156,2006,403,0,198,2,Philadelphia
1469,5/4/2025,1120,2058,404,2,1600.2,3,Chicago
1470,5/4/2025,1107,2045,403,2,249.71,2,Philadelphia
1471,5/4/2025,1042,2004,403,2,0,1,Philadelphia
1472,5/4/2025,1015,2080,404,1,749.03,5,Chicago
1473,5/4/2025,1146,2006,403,0,792,2,Philadelphia
1474,5/4/2025,1073,2062,401,1,1114.85,3,Los Angelos
1475,5/4/2025,1129,2009,403,2,0,5,Philadelphia
1476,5/4/2025,1033,2078,403,2,340.82,1,Philadelphia
1477,5/4/2025,1065,2001,401,1,371.12,2,Los Angelos
1478,5/4/2025,1151,2094,402,3,493.35,4,Atlanta
1479,5/4/2025,1094,2022,403,1,0,3,Philadelphia
1480,5/4/2025,1124,2023,401,2,2254.9,4,Los Angelos
1481,5/4/2025,1021,2018,402,3,542.26,3,Atlanta
1482,5/4/2025,1192,2052,404,1,0,5,Chicago
1483,5/4/2025,1169,2056,402,1,944.5,6,Atlanta
1484,5/4/2025,1147,2093,403,0,2267.82,4,Philadelphia
1485,5/4/2025,1164,2033,401,0,836.25,5,Los Angelos
1486,5/4/2025,1042,2059,404,3,3072.3,2,Chicago
1487,5/4/2025,1077,2060,402,3,1633.52,1,Atlanta
1488,5/4/2025,1174,2090,404,3,286.56,2,Chicago
1489,5/4/2025,1067,2018,404,0,2169.04,6,Chicago
1490,5/4/2025,1073,2057,404,2,349.58,1,Chicago
1491,5/4/2025,1135,2087,401,0,318.64,2,Los Angelos
1492,5/4/2025,1136,2081,403,3,2238.66,3,Philadelphia
1493,5/4/2025,1156,2083,403,2,1229.06,2,Philadelphia
1494,5/4/2025,1069,2034,401,2,217.87,1,Los Angelos
1495,5/4/2025,1167,2074,404,3,2638,5,Chicago
1496,5/4/2025,1197,2086,402,1,2414.07,2,Atlanta
1497,5/4/2025,1133,2043,402,2,1397.52,3,Atlanta
1498,5/4/2025,1140,2001,401,0,1237.05,5,Los Angelos
1499,5/4/2025,1003,2052,401,0,731.26,1,Los Angelos
1500,5/4/2025,1175,2057,403,1,1179.85,2,Philadelphia
1501,5/4/2025,1185,2036,403,1,980.91,4,Philadelphia
1502,5/4/2025,1008,2003,401,0,0,3,Los Angelos
1503,5/4/2025,1152,2084,402,0,281.85,4,Atlanta
1504,5/4/2025,1181,2015,401,1,1214.95,3,Los Angelos
1505,5/4/2025,1096,2084,402,0,0,5,Atlanta
1506,5/4/2025,1178,2023,403,2,1503.26,6,Philadelphia
1507,5/4/2025,1119,2084,401,3,0,4,Los Angelos
1508,5/4/2025,1070,2098,404,2,1452.58,5,Chicago
1509,5/4/2025,1065,2020,401,2,300.66,2,Los Angelos
1510,5/4/2025,1198,2007,404,3,2333.56,1,Chicago
1511,5/4/2025,1085,2007,403,2,933.42,2,Philadelphia
1512,5/4/2025,1045,2056,401,3,3148.32,6,Los Angelos
1513,5/4/2025,1051,2078,404,1,383.43,1,Chicago
1514,5/4/2025,1165,2062,401,1,557.42,2,Los Angelos
1515,5/4/2025,1138,2098,404,1,817.07,3,Chicago
1516,5/4/2025,1157,2082,401,3,1066.4,2,Los Angelos
1517,5/4/2025,1183,2033,401,0,0,1,Los Angelos
1518,5/4/2025,1018,2009,403,3,0,5,Philadelphia
1519,5/4/2025,1004,2063,402,0,552.46,2,Atlanta
1520,5/4/2025,1009,2085,404,2,193.72,3,Chicago
1521,5/4/2025,1038,2089,403,3,1240.56,5,Philadelphia
1522,5/4/2025,1147,2000,404,3,4846.55,1,Chicago
1523,5/4/2025,1111,2051,401,1,211.18,2,Los Angelos
1524,5/4/2025,1000,2049,404,0,5639.04,4,Chicago
1525,5/4/2025,1145,2068,403,2,656.19,3,Philadelphia
1526,5/4/2025,1174,2038,404,0,1853.02,4,Chicago
1527,5/4/2025,1161,2082,401,2,213.28,3,Los Angelos
1528,5/4/2025,1136,2043,401,3,3493.8,5,Los Angelos
1529,5/4/2025,1194,2098,403,1,2451.22,6,Philadelphia
1530,5/4/2025,1045,2070,401,3,102.54,4,Los Angelos
1531,5/4/2025,1169,2024,403,3,621.35,5,Philadelphia
1532,5/4/2025,1027,2080,403,3,2496.78,2,Philadelphia
1533,5/4/2025,1021,2080,404,1,2247.1,1,Chicago
1534,5/4/2025,1035,2004,402,0,1854.5,2,Atlanta
1535,5/4/2025,1184,2075,402,3,2341.92,6,Atlanta
1536,5/4/2025,1099,2008,403,3,66.59,1,Philadelphia
1537,5/4/2025,1136,2057,401,0,1310.94,2,Los Angelos
1538,5/4/2025,1086,2007,403,0,1750.17,3,Philadelphia
1539,5/4/2025,1103,2015,402,3,2024.91,2,Atlanta
1540,5/4/2025,1173,2068,402,1,0,1,Atlanta
1541,5/4/2025,1018,2004,402,3,927.25,5,Atlanta
1542,5/4/2025,1167,2002,404,0,866,2,Chicago
1543,5/4/2025,1062,2089,402,0,2067.6,3,Atlanta
1544,5/4/2025,1044,2080,401,2,665.81,5,Los Angelos
1545,5/4/2025,1024,2058,402,0,2000.25,1,Atlanta
1546,5/4/2025,1027,2014,404,1,443.34,2,Chicago
1547,5/4/2025,1016,2025,404,2,671.09,4,Chicago
1548,5/4/2025,1188,2086,404,2,2861.12,3,Chicago
1549,5/4/2025,1030,2087,402,2,382.37,4,Atlanta
1550,5/4/2025,1054,2097,401,1,2273.67,3,Los Angelos
1551,5/4/2025,1085,2008,401,2,106.54,5,Los Angelos
1552,5/4/2025,1036,2096,404,1,1814.89,6,Chicago
1553,5/4/2025,1178,2047,402,3,1004.94,4,Atlanta
1554,5/4/2025,1062,2074,401,1,1187.1,5,Los Angelos
1555,5/4/2025,1025,2080,404,1,3745.17,2,Chicago
1556,5/4/2025,1004,2062,401,0,2477.44,1,Los Angelos
1557,5/4/2025,1001,2022,401,2,536.94,2,Los Angelos
1558,5/4/2025,1106,2088,404,1,1276.83,6,Chicago
1559,5/4/2025,1052,2018,403,3,2169.04,1,Philadelphia
1560,5/4/2025,1105,2030,402,0,339.94,2,Atlanta
1561,5/4/2025,1152,2023,404,0,1879.08,3,Chicago
1562,5/4/2025,1160,2038,403,3,0,2,Philadelphia
1563,5/4/2025,1001,2071,402,1,1660.93,1,Atlanta
1564,5/4/2025,1030,2067,401,2,465.52,5,Los Angelos
1565,5/4/2025,1194,2069,402,3,929.56,2,Atlanta
1566,5/4/2025,1197,2080,402,2,1331.62,3,Atlanta
1567,5/4/2025,1013,2024,401,1,335.53,5,Los Angelos
1568,5/4/2025,1175,2060,404,1,735.08,1,Chicago
1569,5/4/2025,1040,2085,401,0,484.3,2,Los Angelos
1570,5/4/2025,1165,2046,403,1,60.17,4,Philadelphia
1571,5/4/2025,1111,2032,403,3,3782.4,3,Philadelphia
1572,5/4/2025,1011,2013,401,1,1683.65,4,Los Angelos
1573,5/4/2025,1040,2003,404,0,385.18,3,Chicago
1574,5/4/2025,1018,2030,404,2,135.98,5,Chicago
1575,5/4/2025,1107,2025,403,1,754.97,6,Philadelphia
1576,5/4/2025,1199,2014,403,1,0,4,Philadelphia
1577,5/4/2025,1025,2030,404,1,0,5,Chicago
1578,5/4/2025,1096,2028,401,3,2551.76,2,Los Angelos
1579,5/4/2025,1149,2062,401,3,1858.08,1,Los Angelos
1580,5/4/2025,1037,2027,404,1,465.5,2,Chicago
1581,5/4/2025,1099,2047,402,3,0,6,Atlanta
1582,5/4/2025,1184,2024,403,2,198.83,1,Philadelphia
1583,5/4/2025,1051,2042,402,0,167.61,2,Atlanta
1584,5/4/2025,1177,2072,401,2,672.48,3,Los Angelos
1585,5/4/2025,1034,2014,404,3,985.2,2,Chicago
1586,5/4/2025,1107,2021,403,1,751.87,1,Philadelphia
1587,5/4/2025,1075,2077,402,1,2528.24,5,Atlanta
1588,5/4/2025,1147,2070,402,0,34.18,2,Atlanta
1589,5/4/2025,1105,2066,404,1,928.91,3,Chicago
1590,5/4/2025,1151,2060,404,2,653.41,5,Chicago
1591,5/4/2025,1003,2093,404,1,680.35,1,Chicago
1592,5/4/2025,1063,2041,404,1,2171.37,2,Chicago
1593,5/4/2025,1151,2019,401,3,933.93,4,Los Angelos
1594,5/4/2025,1011,2005,404,0,428.78,3,Chicago
1595,5/4/2025,1108,2067,404,3,290.95,4,Chicago
1596,5/4/2025,1178,2012,404,3,623.19,3,Chicago
1597,5/4/2025,1061,2010,401,3,389.2,5,Los Angelos
1598,5/4/2025,1055,2016,403,2,0,6,Philadelphia
1599,5/4/2025,1061,2082,401,0,266.6,4,Los Angelos
1600,5/4/2025,1122,2085,403,1,217.94,5,Philadelphia
1601,5/4/2025,1180,2058,401,3,666.75,2,Los Angelos
1602,5/4/2025,1118,2098,402,3,907.86,1,Atlanta
1603,5/4/2025,1047,2047,404,0,334.98,2,Chicago
1604,5/4/2025,1160,2009,404,2,0,6,Chicago
1605,5/4/2025,1135,2004,403,3,3709,1,Philadelphia
1606,5/4/2025,1192,2034,402,0,0,2,Atlanta
1607,5/4/2025,1158,2042,401,2,402.26,3,Los Angelos
1608,5/4/2025,1013,2014,404,2,197.04,2,Chicago
1609,5/4/2025,1119,2079,401,2,4562.59,1,Los Angelos
1610,5/4/2025,1093,2022,401,1,604.06,5,Los Angelos
1611,5/4/2025,1035,2042,402,0,335.22,2,Atlanta
1612,5/4/2025,1166,2061,402,1,179.93,3,Atlanta
1613,5/4/2025,1082,2045,403,3,312.14,5,Philadelphia
1614,5/4/2025,1070,2006,401,2,633.6,1,Los Angelos
1615,5/4/2025,1088,2057,404,0,436.98,2,Chicago
1616,5/4/2025,1120,2090,403,3,214.92,4,Philadelphia
1617,5/4/2025,1158,2047,401,1,904.45,3,Los Angelos
1618,5/4/2025,1117,2011,401,3,0,4,Los Angelos
1619,5/4/2025,1045,2036,401,0,217.98,3,Los Angelos
1620,5/4/2025,1042,2035,401,1,809.99,5,Los Angelos
1621,5/4/2025,1127,2019,402,0,933.93,6,Atlanta
1622,5/4/2025,1075,2053,402,3,2440.6,4,Atlanta
1623,5/4/2025,1088,2053,404,0,610.15,5,Chicago
1624,5/4/2025,1074,2024,401,0,248.54,2,Los Angelos
1625,5/4/2025,1059,2066,403,3,2064.24,1,Philadelphia
1626,5/4/2025,1148,2043,403,3,873.45,2,Philadelphia
1627,5/4/2025,1151,2085,404,3,726.45,6,Chicago
1628,5/4/2025,1077,2072,402,2,1008.72,1,Atlanta
1629,5/4/2025,1043,2033,402,3,836.25,2,Atlanta
1630,5/4/2025,1095,2036,401,1,392.36,3,Los Angelos
1631,5/4/2025,1090,2036,404,1,588.55,2,Chicago
1632,5/4/2025,1158,2020,403,1,676.49,1,Philadelphia
1633,5/4/2025,1044,2090,402,1,0,5,Atlanta
1634,5/4/2025,1060,2014,401,2,591.12,2,Los Angelos
1635,5/4/2025,1147,2016,404,2,516.83,3,Chicago
1636,5/4/2025,1094,2023,402,0,1879.08,5,Atlanta
1637,5/4/2025,1170,2040,403,1,0,1,Philadelphia
1638,5/4/2025,1095,2057,402,2,349.58,2,Atlanta
1639,5/4/2025,1031,2003,404,3,0,4,Chicago
1640,5/4/2025,1196,2018,404,2,433.81,3,Chicago
1641,5/4/2025,1039,2000,403,2,775.45,4,Philadelphia
1642,5/4/2025,1121,2037,402,3,1080.42,3,Atlanta
1643,5/4/2025,1086,2088,401,3,2837.4,5,Los Angelos
1644,5/4/2025,1010,2017,401,2,1112.88,6,Los Angelos
1645,5/4/2025,1006,2051,402,3,351.96,4,Atlanta
1646,5/4/2025,1091,2011,403,0,819.48,5,Philadelphia
1647,5/4/2025,1155,2082,402,1,959.76,2,Atlanta
1648,5/4/2025,1005,2098,403,1,817.07,1,Philadelphia
1649,5/4/2025,1005,2010,404,0,233.52,2,Chicago
1650,5/4/2025,1131,2050,402,3,747.12,6,Atlanta
1651,5/4/2025,1081,2077,401,2,1797.86,1,Los Angelos
1652,5/4/2025,1101,2018,404,2,867.62,2,Chicago
1653,5/4/2025,1098,2047,401,2,1071.94,3,Los Angelos
1654,5/4/2025,1088,2044,403,3,830.32,2,Philadelphia
1655,5/4/2025,1143,2011,402,3,1229.22,1,Atlanta
1656,5/4/2025,1189,2053,404,2,1464.36,5,Chicago
1657,5/4/2025,1041,2093,404,3,2267.82,2,Chicago
1658,5/4/2025,1035,2075,401,1,1405.15,3,Los Angelos
1659,5/4/2025,1053,2038,404,2,2964.83,5,Chicago
1660,5/4/2025,1016,2075,404,0,3122.56,1,Chicago
1661,5/4/2025,1001,2052,403,3,731.26,2,Philadelphia
1662,5/4/2025,1044,2071,404,1,553.64,4,Chicago
1663,5/4/2025,1051,2023,404,2,0,3,Chicago
1664,5/4/2025,1141,2062,401,2,1486.46,4,Los Angelos
1665,5/4/2025,1149,2038,404,3,926.51,3,Chicago
1666,5/4/2025,1057,2003,401,1,2079.97,5,Los Angelos
1667,5/4/2025,1067,2038,404,0,926.51,6,Chicago
1668,5/4/2025,1167,2085,403,3,242.15,4,Philadelphia
1669,5/4/2025,1045,2062,402,0,1858.08,5,Atlanta
1670,5/4/2025,1030,2097,403,3,3368.4,2,Philadelphia
1671,5/4/2025,1017,2076,403,3,0,1,Philadelphia
1672,5/4/2025,1144,2055,403,3,161.82,2,Philadelphia
1673,5/4/2025,1177,2015,403,0,674.97,6,Philadelphia
1674,5/4/2025,1066,2020,401,1,1014.74,1,Los Angelos
1675,5/4/2025,1081,2059,402,2,409.64,2,Atlanta
1676,5/4/2025,1041,2006,403,2,475.2,3,Philadelphia
1677,5/4/2025,1107,2081,403,0,3731.1,2,Philadelphia
1678,5/4/2025,1074,2037,401,1,0,1,Los Angelos
1679,5/4/2025,1196,2080,402,0,832.26,5,Atlanta
1680,5/4/2025,1153,2096,402,2,1075.49,2,Atlanta
1681,5/4/2025,1080,2087,403,2,127.46,3,Philadelphia
1682,5/4/2025,1175,2089,403,0,2067.6,5,Philadelphia
1683,5/4/2025,1136,2074,403,1,593.55,1,Philadelphia
1684,5/4/2025,1003,2017,403,2,1112.88,2,Philadelphia
1685,5/4/2025,1199,2062,404,2,990.98,4,Chicago
1686,5/4/2025,1041,2013,402,1,1683.65,3,Atlanta
1687,5/4/2025,1128,2028,402,0,0,4,Atlanta
1688,5/4/2025,1106,2058,401,0,1333.5,3,Los Angelos
1689,5/4/2025,1033,2002,404,2,1385.6,5,Chicago
1690,5/4/2025,1079,2088,403,1,2553.66,6,Philadelphia
1691,5/4/2025,1113,2076,403,1,0,4,Philadelphia
1692,5/4/2025,1181,2038,401,0,2779.53,5,Los Angelos
1693,5/4/2025,1056,2016,402,1,872.15,2,Atlanta
1694,5/4/2025,1078,2016,402,1,872.15,1,Atlanta
1695,5/4/2025,1020,2054,401,0,1801.02,2,Los Angelos
1696,5/4/2025,1004,2099,404,3,0,6,Chicago
1697,5/4/2025,1010,2025,401,0,559.24,1,Los Angelos
1698,5/4/2025,1168,2065,401,3,1411.02,2,Los Angelos
1699,5/4/2025,1030,2032,401,0,945.6,3,Los Angelos
1700,5/4/2025,1077,2085,401,0,0,2,Los Angelos
1701,5/4/2025,1005,2015,402,1,0,1,Atlanta
1702,5/4/2025,1047,2085,403,0,242.15,5,Philadelphia
1703,5/4/2025,1023,2018,403,2,0,2,Philadelphia
1704,5/4/2025,1090,2020,402,0,751.66,3,Atlanta
1705,5/4/2025,1025,2074,401,1,593.55,5,Los Angelos
1706,5/4/2025,1183,2024,403,1,335.53,1,Philadelphia
1707,5/4/2025,1193,2068,401,0,820.24,2,Los Angelos
1708,5/4/2025,1054,2064,404,2,235.23,4,Chicago
1709,5/4/2025,1178,2075,402,3,5464.48,3,Atlanta
1710,5/4/2025,1172,2013,402,2,2244.86,4,Atlanta
1711,5/4/2025,1097,2054,402,1,810.46,3,Atlanta
1712,5/4/2025,1104,2014,403,0,246.3,5,Philadelphia
1713,5/4/2025,1119,2014,402,3,1231.5,6,Atlanta
1714,5/4/2025,1195,2046,403,0,100.29,4,Philadelphia
1715,5/4/2025,1021,2041,404,0,0,5,Chicago
1716,5/4/2025,1098,2036,404,2,0,2,Chicago
1717,5/4/2025,1175,2056,402,3,2098.88,1,Atlanta
1718,5/4/2025,1074,2054,402,0,2701.53,2,Atlanta
1719,5/4/2025,1121,2086,403,1,3218.76,6,Philadelphia
1720,5/4/2025,1003,2086,404,0,1788.2,1,Chicago
1721,5/4/2025,1101,2056,401,0,524.72,2,Los Angelos
1722,5/4/2025,1036,2050,404,0,747.12,3,Chicago
1723,5/4/2025,1189,2021,401,2,1336.66,2,Los Angelos
1724,5/4/2025,1050,2043,402,3,873.45,1,Atlanta
1725,5/4/2025,1031,2029,404,3,40.53,5,Chicago
1726,5/4/2025,1071,2097,403,3,2526.3,2,Philadelphia
1727,5/4/2025,1091,2060,404,3,1225.14,3,Chicago
1728,5/4/2025,1130,2035,402,3,899.99,5,Atlanta
1729,5/4/2025,1027,2015,403,3,0,1,Philadelphia
1730,5/4/2025,1127,2029,402,0,40.53,2,Atlanta
1731,5/4/2025,1025,2094,401,0,1973.4,4,Los Angelos
1732,5/4/2025,1127,2086,401,1,4828.14,3,Los Angelos
1733,5/4/2025,1097,2077,403,1,2022.59,4,Philadelphia
1734,5/4/2025,1077,2079,401,0,1901.08,3,Los Angelos
1735,5/4/2025,1169,2096,404,3,672.18,5,Chicago
1736,5/4/2025,1051,2037,404,3,1800.7,6,Chicago
1737,5/4/2025,1129,2033,403,0,1672.5,4,Philadelphia
1738,5/4/2025,1195,2004,404,0,2781.75,5,Chicago
1739,5/4/2025,1098,2057,403,3,1310.94,2,Philadelphia
1740,5/4/2025,1113,2058,401,0,2000.25,1,Los Angelos
1741,5/4/2025,1045,2071,403,1,0,2,Philadelphia
1742,5/4/2025,1125,2055,402,2,86.3,6,Atlanta
1743,5/4/2025,1183,2049,404,0,1879.68,1,Chicago
1744,5/4/2025,1145,2086,404,3,2682.3,2,Chicago
1745,5/4/2025,1121,2071,402,0,1845.48,3,Atlanta
1746,5/4/2025,1100,2033,404,3,2508.75,2,Chicago
1747,5/4/2025,1157,2086,403,2,1430.56,1,Philadelphia
1748,5/4/2025,1082,2007,401,0,1750.17,5,Los Angelos
1749,5/4/2025,1032,2046,403,0,167.15,2,Philadelphia
1750,5/4/2025,1195,2080,403,3,3329.04,3,Philadelphia
1751,5/4/2025,1024,2054,403,2,0,5,Philadelphia
1752,5/4/2025,1105,2044,401,1,373.64,1,Los Angelos
1753,5/4/2025,1063,2030,403,0,509.91,2,Philadelphia
1754,5/4/2025,1176,2008,403,0,133.18,4,Philadelphia
1755,5/4/2025,1086,2021,401,2,2004.98,3,Los Angelos
1756,5/4/2025,1009,2058,404,3,2000.25,4,Chicago
1757,5/4/2025,1068,2002,404,0,0,3,Chicago
1758,5/4/2025,1081,2048,404,2,572.21,5,Chicago
1759,5/4/2025,1146,2012,404,0,623.19,6,Chicago
1760,5/4/2025,1176,2086,402,2,1430.56,4,Atlanta
1761,5/4/2025,1127,2064,403,1,529.27,5,Philadelphia
1762,5/4/2025,1157,2038,403,3,4632.55,2,Philadelphia
1763,5/4/2025,1051,2063,401,1,0,1,Los Angelos
1764,5/4/2025,1073,2033,401,2,1338,2,Los Angelos
1765,5/4/2025,1146,2051,402,0,0,6,Atlanta
1766,5/4/2025,1183,2074,401,2,0,1,Los Angelos
1767,5/4/2025,1069,2008,404,3,66.59,2,Chicago
1768,5/4/2025,1053,2044,401,2,332.13,3,Los Angelos
1769,5/4/2025,1129,2038,404,2,0,2,Chicago
1770,5/4/2025,1051,2053,404,2,488.12,1,Chicago
1771,5/4/2025,1159,2065,404,1,1693.22,5,Chicago
1772,5/4/2025,1004,2080,402,3,3329.04,2,Atlanta
1773,5/4/2025,1054,2084,404,2,901.92,3,Chicago
1774,5/4/2025,1163,2068,404,0,1640.48,5,Chicago
1775,5/4/2025,1133,2025,403,3,838.86,1,Philadelphia
1776,5/4/2025,1037,2030,402,2,271.95,2,Atlanta
1777,5/4/2025,1111,2052,403,0,731.26,4,Philadelphia
1778,5/4/2025,1162,2026,404,2,169.25,3,Chicago
1779,5/4/2025,1073,2082,402,2,213.28,4,Atlanta
1780,5/4/2025,1175,2076,402,3,806.07,3,Atlanta
1781,5/4/2025,1061,2014,402,1,665.01,5,Atlanta
1782,5/4/2025,1007,2031,403,3,1695.9,6,Philadelphia
1783,5/4/2025,1124,2071,404,3,1845.48,4,Chicago
1784,5/4/2025,1165,2004,402,1,1669.05,5,Atlanta
1785,5/4/2025,1069,2017,401,2,0,2,Los Angelos
1786,5/4/2025,1071,2084,402,0,281.85,1,Atlanta
1787,5/4/2025,1184,2062,401,0,2477.44,2,Los Angelos
1788,5/4/2025,1021,2040,403,0,69.08,6,Philadelphia
1789,5/4/2025,1104,2046,401,3,167.15,1,Los Angelos
1790,5/4/2025,1185,2017,402,0,1854.8,2,Atlanta
1791,5/4/2025,1146,2094,401,2,789.36,3,Los Angelos
1792,5/4/2025,1127,2011,402,0,409.74,2,Atlanta
1793,5/4/2025,1197,2040,403,3,138.16,1,Philadelphia
1794,5/4/2025,1191,2095,402,3,1963.16,5,Atlanta
1795,5/4/2025,1055,2018,401,1,488.03,2,Los Angelos
1796,5/4/2025,1054,2035,404,3,899.99,3,Chicago
1797,5/4/2025,1065,2075,401,3,3903.2,5,Los Angelos
1798,5/4/2025,1136,2047,401,2,267.98,1,Los Angelos
1799,5/4/2025,1139,2054,404,1,3241.84,2,Chicago
1800,5/4/2025,1071,2018,403,3,0,4,Philadelphia
1801,5/4/2025,1183,2047,403,0,1004.94,3,Philadelphia
1802,5/4/2025,1165,2077,401,0,1685.49,4,Los Angelos
1803,5/4/2025,1176,2085,402,2,581.16,3,Atlanta
1804,5/4/2025,1141,2049,403,2,1503.74,5,Philadelphia
1805,5/4/2025,1175,2015,402,3,674.97,6,Atlanta
1806,5/4/2025,1099,2001,404,2,0,4,Chicago
1807,5/4/2025,1077,2011,402,2,655.58,5,Atlanta
1808,5/4/2025,1053,2020,404,2,601.33,2,Chicago
1809,5/4/2025,1196,2082,404,0,533.2,1,Chicago
1810,5/4/2025,1070,2010,404,3,311.36,2,Chicago
1811,5/4/2025,1188,2052,403,3,2925.04,6,Philadelphia
1812,5/4/2025,1025,2020,403,0,375.83,1,Philadelphia
1813,5/4/2025,1090,2053,403,3,1830.45,2,Philadelphia
1814,5/4/2025,1177,2003,401,1,346.66,3,Los Angelos
1815,5/4/2025,1161,2056,402,0,1049.44,2,Atlanta
1816,5/4/2025,1102,2025,403,2,0,1,Philadelphia
1817,5/4/2025,1147,2010,401,1,70.06,5,Los Angelos
1818,5/4/2025,1063,2066,402,3,516.06,2,Atlanta
1819,5/4/2025,1081,2057,404,1,786.56,3,Chicago
1820,5/4/2025,1066,2022,403,2,536.94,5,Philadelphia
1821,5/4/2025,1050,2010,404,2,62.27,1,Chicago
1822,5/4/2025,1046,2050,404,1,336.2,2,Chicago
1823,5/4/2025,1005,2002,402,0,3464,4,Atlanta
1824,5/4/2025,1118,2025,403,1,0,3,Philadelphia
1825,5/4/2025,1012,2051,404,2,93.86,4,Chicago
1826,5/4/2025,1038,2011,403,1,1475.06,3,Philadelphia
1827,5/4/2025,1145,2015,401,3,2024.91,5,Los Angelos
1828,5/4/2025,1197,2058,404,0,666.75,6,Chicago
1829,5/4/2025,1057,2091,402,1,815.21,4,Atlanta
1830,5/4/2025,1005,2034,403,3,544.68,5,Philadelphia
1831,5/4/2025,1097,2016,404,1,290.72,2,Chicago
1832,5/4/2025,1153,2027,403,1,698.25,1,Philadelphia
1833,5/4/2025,1107,2023,404,1,2536.76,2,Chicago
1834,5/4/2025,1007,2037,403,1,648.25,6,Philadelphia
1835,5/4/2025,1158,2057,402,2,699.17,1,Atlanta
1836,5/4/2025,1149,2087,404,0,637.28,2,Chicago
1837,5/4/2025,1002,2060,402,2,326.7,3,Atlanta
1838,5/4/2025,1177,2050,402,3,186.78,2,Atlanta
1839,5/4/2025,1181,2054,403,0,1801.02,1,Philadelphia
1840,5/4/2025,1024,2071,401,0,615.16,5,Los Angelos
1841,5/4/2025,1085,2030,404,2,407.93,2,Chicago
1842,5/4/2025,1155,2085,401,0,726.45,3,Los Angelos
1843,5/4/2025,1064,2064,404,2,940.93,5,Chicago
1844,5/4/2025,1101,2085,403,1,217.94,1,Philadelphia
1845,5/4/2025,1143,2005,402,2,343.02,2,Atlanta
1846,5/4/2025,1043,2064,404,2,235.23,4,Chicago
1847,5/4/2025,1119,2016,401,2,258.42,3,Los Angelos
1848,5/4/2025,1181,2067,404,1,523.71,4,Chicago
1849,5/4/2025,1066,2014,403,0,0,3,Philadelphia
1850,5/4/2025,1032,2063,403,2,441.97,5,Philadelphia
1851,5/4/2025,1110,2036,403,2,348.77,6,Philadelphia
1852,5/4/2025,1132,2040,404,1,124.34,4,Chicago
1853,5/4/2025,1080,2094,404,1,0,5,Chicago
1854,5/4/2025,1142,2084,404,0,0,2,Chicago
1855,5/4/2025,1048,2019,401,1,840.54,1,Los Angelos
1856,5/4/2025,1046,2004,404,2,741.8,2,Chicago
1857,5/4/2025,1041,2090,404,3,358.2,6,Chicago
1858,5/4/2025,1029,2063,401,3,1657.38,1,Los Angelos
1859,5/4/2025,1091,2090,404,3,214.92,2,Chicago
1860,5/4/2025,1126,2014,402,0,492.6,3,Atlanta
1861,5/4/2025,1089,2011,402,2,1638.96,2,Atlanta
1862,5/4/2025,1046,2021,403,1,2255.61,1,Philadelphia
1863,5/4/2025,1149,2000,402,3,4846.55,5,Atlanta
1864,5/4/2025,1019,2031,404,0,1695.9,2,Chicago
1865,5/4/2025,1084,2003,403,0,0,3,Philadelphia
1866,5/4/2025,1100,2047,401,2,803.95,5,Los Angelos
1867,5/4/2025,1039,2003,401,3,1155.54,1,Los Angelos
1868,5/4/2025,1181,2084,404,3,1127.4,2,Chicago
1869,5/4/2025,1160,2034,401,2,326.81,4,Los Angelos
1870,5/4/2025,1011,2083,404,2,614.53,3,Chicago
1871,5/4/2025,1187,2093,402,1,680.35,4,Atlanta
1872,5/4/2025,1012,2082,403,2,853.12,3,Philadelphia
1873,5/4/2025,1014,2095,401,3,0,5,Los Angelos
1874,5/4/2025,1023,2051,403,1,211.18,6,Philadelphia
1875,5/4/2025,1061,2098,404,0,2723.58,4,Chicago
1876,5/4/2025,1005,2026,402,3,211.56,5,Atlanta
1877,5/4/2025,1199,2051,403,1,0,2,Philadelphia
1878,5/4/2025,1030,2038,404,3,3706.04,1,Chicago
1879,5/4/2025,1188,2039,402,2,1562.3,2,Atlanta
1880,5/4/2025,1170,2012,403,1,560.87,6,Philadelphia
1881,5/4/2025,1125,2057,404,3,1310.94,1,Chicago
1882,5/4/2025,1068,2072,404,0,420.3,2,Chicago
1883,5/4/2025,1193,2054,403,1,0,3,Philadelphia
1884,5/4/2025,1111,2080,404,0,1664.52,2,Chicago
1885,5/4/2025,1010,2065,403,3,0,1,Philadelphia
1886,5/4/2025,1173,2028,402,3,2551.76,5,Atlanta
1887,5/4/2025,1134,2080,401,2,1331.62,2,Los Angelos
1888,5/4/2025,1119,2055,401,3,269.7,3,Los Angelos
1889,5/4/2025,1076,2019,402,2,747.14,,Atlanta
1890,5/4/2025,1063,2066,404,2,0,1,Chicago
1891,5/4/2025,1145,2006,401,0,0,2,Los Angelos
1892,5/4/2025,1131,2013,404,3,4676.8,4,Chicago
1893,5/4/2025,1024,2059,403,2,0,3,Philadelphia
1894,5/4/2025,1065,2074,401,0,3297.5,4,Los Angelos
1895,5/4/2025,1029,2094,404,1,0,3,Chicago
1896,5/4/2025,1046,2050,401,0,560.34,5,Los Angelos
1897,5/4/2025,1106,2090,403,2,114.62,6,Philadelphia
1898,5/4/2025,1150,2092,404,3,482.21,4,Chicago
1899,5/4/2025,1159,2033,403,1,752.62,5,Philadelphia
1900,5/4/2025,1054,2023,401,2,751.63,2,Los Angelos
1901,5/4/2025,1172,2013,404,0,1870.72,1,Chicago
1902,5/4/2025,1001,2050,401,0,560.34,2,Los Angelos
1903,5/4/2025,1043,2083,404,3,2304.48,6,Chicago
1904,5/4/2025,1177,2051,404,2,281.57,1,Chicago
1905,5/4/2025,1158,2078,403,3,568.04,2,Philadelphia
1906,5/4/2025,1077,2011,402,1,368.77,3,Atlanta
1907,5/4/2025,1003,2024,401,0,248.54,2,Los Angelos
1908,5/4/2025,1178,2024,401,1,223.69,1,Los Angelos
1909,5/4/2025,1123,2083,402,1,1382.69,5,Atlanta
1910,5/4/2025,1111,2080,402,0,3329.04,2,Atlanta
1911,5/4/2025,1077,2098,404,1,817.07,3,Chicago
1912,5/4/2025,1121,2054,401,0,0,5,Los Angelos
1913,5/4/2025,1042,2019,404,3,933.93,1,Chicago
1914,5/4/2025,1120,2002,404,1,1558.8,2,Chicago
1915,5/4/2025,1051,2037,404,0,0,4,Chicago
1916,5/4/2025,1085,2001,401,3,412.35,3,Los Angelos
1917,5/4/2025,1106,2063,403,0,0,4,Philadelphia
1918,5/4/2025,1124,2051,404,3,351.96,3,Chicago
1919,5/4/2025,1059,2091,401,0,1811.58,5,Los Angelos
1920,5/4/2025,1108,2073,403,0,1498.29,6,Philadelphia
1921,5/4/2025,1068,2082,404,3,0,4,Chicago
1922,5/4/2025,1029,2063,403,3,3314.76,5,Philadelphia
1923,5/4/2025,1178,2055,401,1,242.73,2,Los Angelos
1924,5/4/2025,1073,2092,402,3,482.21,1,Atlanta
1925,5/4/2025,1088,2056,402,1,1888.99,2,Atlanta
1926,5/4/2025,1150,2087,403,3,477.96,6,Philadelphia
1927,5/4/2025,1033,2037,404,3,1440.56,1,Chicago
1928,5/4/2025,1172,2083,403,3,2304.48,2,Philadelphia
1929,5/4/2025,1041,2079,402,2,2281.3,3,Atlanta
1930,5/4/2025,1176,2095,401,3,1472.37,2,Los Angelos
1931,5/4/2025,1033,2022,402,1,1208.12,1,Atlanta
1932,5/4/2025,1155,2062,401,3,1858.08,5,Los Angelos
1933,5/4/2025,1126,2038,402,1,1667.72,2,Atlanta
1934,5/4/2025,1142,2006,401,2,0,3,Los Angelos
1935,5/4/2025,1066,2045,402,1,1123.7,5,Atlanta
1936,5/4/2025,1128,2004,401,2,2967.2,1,Los Angelos
1937,5/4/2025,1110,2014,402,0,246.3,2,Atlanta
1938,5/4/2025,1143,2028,404,2,1531.06,4,Chicago
1939,5/4/2025,1087,2045,401,2,0,3,Los Angelos
1940,5/4/2025,1038,2088,401,0,1418.7,4,Los Angelos
1941,5/4/2025,1112,2058,401,0,0,3,Los Angelos
1942,5/4/2025,1005,2078,401,0,426.03,5,Los Angelos
1943,5/4/2025,1129,2013,402,0,1870.72,6,Atlanta
1944,5/4/2025,1052,2046,402,2,26.74,4,Atlanta
1945,5/4/2025,1181,2056,404,0,0,5,Chicago
1946,5/4/2025,1039,2082,403,2,0,2,Philadelphia
1947,5/4/2025,1035,2015,402,3,3374.85,1,Atlanta
1948,5/4/2025,1106,2098,401,1,1634.15,2,Los Angelos
1949,5/4/2025,1121,2043,403,1,1572.21,6,Philadelphia
1950,5/4/2025,1021,2034,403,3,544.68,1,Philadelphia
1951,5/4/2025,1092,2080,402,1,3745.17,2,Atlanta
1952,5/4/2025,1192,2096,404,1,1814.89,3,Chicago
1953,5/4/2025,1035,2054,404,3,0,2,Chicago
1954,5/4/2025,1117,2066,403,0,0,1,Philadelphia
1955,5/4/2025,1113,2018,401,0,1084.52,5,Los Angelos
1956,5/4/2025,1021,2043,403,3,2620.35,2,Philadelphia
1957,5/4/2025,1197,2021,404,0,1670.82,3,Chicago
1958,5/4/2025,1100,2097,401,1,2273.67,5,Los Angelos
1959,5/4/2025,1147,2007,403,3,0,1,Philadelphia
1960,5/4/2025,1102,2087,403,2,0,2,Philadelphia
1961,5/4/2025,1088,2001,403,1,1113.34,4,Philadelphia
1962,5/4/2025,1179,2051,404,1,211.18,3,Chicago
1963,5/4/2025,1139,2079,404,2,2281.3,4,Chicago
1964,5/4/2025,1005,2083,404,1,691.34,3,Chicago
1965,5/4/2025,1077,2010,401,2,186.82,5,Los Angelos
1966,5/4/2025,1099,2092,402,2,1157.3,6,Atlanta
1967,5/4/2025,1054,2011,403,2,327.79,4,Philadelphia
1968,5/4/2025,1193,2081,402,0,2238.66,5,Atlanta
1969,5/4/2025,1007,2069,403,1,836.6,2,Philadelphia
1970,5/4/2025,1198,2038,404,0,1853.02,1,Chicago
1971,5/4/2025,1187,2007,403,2,466.71,2,Philadelphia
1972,5/4/2025,1160,2064,403,0,1176.16,6,Philadelphia
1973,5/4/2025,1012,2096,401,3,672.18,1,Los Angelos
1974,5/4/2025,1076,2073,401,3,499.43,2,Los Angelos
1975,5/4/2025,1086,2030,402,2,407.93,3,Atlanta
1976,5/4/2025,1076,2036,402,3,217.98,2,Atlanta
1977,5/4/2025,1133,2094,402,0,1973.4,1,Atlanta
1978,5/4/2025,1083,2066,402,2,1238.54,5,Atlanta
1979,5/4/2025,1116,2012,402,3,0,2,Atlanta
1980,5/4/2025,1105,2010,401,0,155.68,3,Los Angelos
1981,5/4/2025,1108,2016,404,1,872.15,5,Chicago
1982,5/4/2025,1114,2009,403,3,198.93,1,Philadelphia
1983,5/4/2025,1150,2071,404,2,492.13,2,Chicago
1984,5/4/2025,1149,2063,404,3,2762.3,4,Chicago
1985,5/4/2025,1176,2062,404,1,557.42,3,Chicago
1986,5/4/2025,1036,2064,402,3,294.04,4,Atlanta
1987,5/4/2025,1182,2058,402,0,0,3,Atlanta
1988,5/4/2025,1177,2027,404,3,1034.44,5,Chicago
1989,5/4/2025,1008,2095,402,2,0,6,Atlanta
1990,5/4/2025,1030,2077,404,0,1123.66,4,Chicago
1991,5/4/2025,1030,2047,403,0,334.98,5,Philadelphia
1992,5/4/2025,1133,2019,401,2,747.14,2,Los Angelos
1993,5/4/2025,1078,2047,403,2,535.97,1,Philadelphia
1994,5/4/2025,1124,2003,402,1,1386.65,2,Atlanta
1995,5/4/2025,1005,2075,404,0,3122.56,666666666,Chicago
1996,5/4/2025,1078,2036,402,1,588.55,1,Atlanta
1997,5/4/2025,1189,2062,401,0,2477.44,2,Los Angelos
1998,5/4/2025,1140,2044,401,0,207.58,3,Los Angelos
1999,5/4/2025,1106,2061,403,3,599.76,2,Philadelphia
2000,5/4/2025,1086,2048,404,1,321.87,1,Chicago
6,5/4/2025,1089,2028,401,0,1275.88,5,Los Angelos
