sales_id,sale_date,customer_id,product_id,store_id,campaign_id,sales_amount,number_of_items,city
1,4/5/2025,1034,2059,402,0,2048.2,4,atlanta
2,4/5/2025,1066,2048,403,1,321.87,5,philadelphia
3,4/5/2025,1116,2041,403,3,3216.84,1,philadelphia
4,4/5/2025,1071,2096,404,2,1613.23,2,chicago
5,4/5/2025,1020,2060,401,0,408.38,4,los angelos
6,4/5/2025,1089,2028,401,0,1275.88,3,los angelos
7,4/5/2025,1193,2003,402,1,346.66,4,atlanta
8,4/5/2025,1005,2079,402,1,855.49,3,atlanta
9,4/5/2025,1032,2060,401,1,735.08,5,los angelos
10,4/5/2025,1119,2089,403,2,661.63,6,philadelphia
11,4/5/2025,1042,2077,401,100,505.65,4,los angelos
13,4/5/2025,1147,2086,404,3,4470.5,2,chicago
14,4/5/2025,1183,2025,401,1,503.32,1,los angelos
15,4/5/2025,1026,2089,403,0,413.52,2,philadelphia
16,4/5/2025,1144,2005,403,3,1715.12,6,philadelphia
17,4/5/2025,1169,2047,401,2,535.97,1,los angelos
18,4/5/2025,1003,2053,404,0,3660.9,2,chicago
19,4/5/2025,1110,2046,404,1,30.09,3,chicago
20,4/5/2025,1111,2022,403,3,671.18,2,philadelphia
22,4/5/2025,1062,2011,403,3,1229.22,5,philadelphia
24,4/5/2025,1086,2003,404,2,924.43,3,chicago
25,4/5/2025,1046,2062,402,2,1981.95,4,atlanta
26,4/5/2025,1066,2043,403,2,698.76,5,philadelphia
27,4/5/2025,1142,2001,402,0,1237.05,1,atlanta
28,4/5/2025,1061,2092,404,3,482.21,2,chicago
29,4/5/2025,1142,2097,402,3,4210.5,4,atlanta
30,4/5/2025,1165,2091,404,3,4528.95,3,chicago
31,1/13/2023,1004,2011,403,1,737.53,4,philadelphia
34,4/5/2025,1141,2067,403,3,872.85,6,philadelphia
35,4/5/2025,1190,2070,403,2,54.69,4,philadelphia
36,4/5/2025,1179,2058,403,2,1066.8,5,philadelphia
37,4/5/2025,1064,2029,401,1,12.16,2,los angelos
38,4/5/2025,1080,2015,402,1,3037.36,1,atlanta
39,4/5/2025,1055,2094,404,2,1578.72,2,chicago
41,4/5/2025,9999,2037,402,2,288.11,1,atlanta
42,4/5/2025,1045,2038,401,1,1667.72,2,los angelos
43,4/5/2025,1070,2005,401,2,686.05,3,los angelos
45,4/5/2025,1003,2073,403,3,1498.29,1,philadelphia
46,4/5/2025,1122,2056,403,1,944.5,5,philadelphia
47,4/5/2025,1013,2032,404,0,2836.8,2,chicago
48,4/5/2025,1016,2051,404,0,117.32,3,chicago
50,4/5/2025,1038,2072,403,0,840.6,5,philadelphia
51,4/5/2025,1063,2015,404,1,1214.95,1,chicago
52,4/5/2025,1198,2066,404,3,516.06,2,chicago
53,4/5/2025,1113,2038,404,2,2223.62,4,chicago
54,4/5/2025,1145,2079,401,0,1901.08,3,los angelos
55,4/5/2025,1195,2026,402,2,507.74,4,atlanta
56,4/5/2025,1169,2010,402,1,140.11,3,atlanta
58,4/5/2025,1000,2052,404,3,2193.78,6,chicago
59,4/5/2025,1074,2004,402,2,741.8,4,atlanta
60,4/5/2025,1180,2036,404,0,217.98,5,chicago
61,4/5/2025,1175,2029,403,1,36.48,2,philadelphia
62,4/5/2025,1108,2014,402,1,221.67,1,atlanta
63,4/5/2025,1068,2018,401,0,2169.04,2,los angelos
64,4/5/2025,1042,2039,403,3,2929.32,6,philadelphia
66,4/5/2025,1069,2064,404,3,1470.2,2,chicago
67,4/5/2025,1020,2076,401,3,4836.42,3,los angelos
68,4/5/2025,1188,2041,403,0,1608.42,2,philadelphia
71,4/5/2025,1132,2083,404,2,614.53,2,chicago
72,4/5/2025,1046,2074,404,3,659.5,3,chicago
73,4/5/2025,1023,2060,403,3,1225.14,4,philadelphia
74,4/5/2025,1085,2041,401,1,1447.58,5,los angelos
75,4/5/2025,1084,2052,404,2,2925.04,1,chicago
76,4/5/2025,1169,2051,401,3,117.32,2,los angelos
77,4/5/2025,1022,2040,403,2,55.26,4,philadelphia
78,4/5/2025,1029,2098,404,0,3631.44,3,chicago
79,4/5/2025,1168,2069,404,3,232.39,4,chicago
80,4/5/2025,1013,2024,403,3,372.81,3,philadelphia
81,4/5/2025,1160,2056,401,1,472.25,5,los angelos
82,4/5/2025,1068,2070,402,2,109.38,6,atlanta
83,4/5/2025,1112,2089,404,0,2067.6,4,chicago
84,4/5/2025,1007,2080,402,1,1498.07,5,atlanta
85,4/5/2025,1079,2070,401,3,34.18,2,los angelos
86,4/5/2025,1023,2028,401,3,2551.76,1,los angelos
87,4/5/2025,1030,2082,402,3,799.8,2,atlanta
88,4/5/2025,1183,2037,403,3,2160.84,6,philadelphia
89,4/5/2025,1123,2060,402,3,2450.28,1,atlanta
90,4/5/2025,1141,2018,404,1,2440.17,2,chicago
91,4/5/2025,1153,2065,402,0,470.34,3,atlanta
93,4/5/2025,1129,2034,401,2,108.94,1,los angelos
94,4/5/2025,1185,2038,404,1,1667.72,5,chicago
95,4/5/2025,1114,2068,404,2,656.19,2,chicago
97,4/5/2025,1082,2024,402,3,372.81,4,atlanta
98,4/5/2025,1059,2099,404,0,1292.64,5,chicago
99,4/5/2025,1081,2095,404,3,490.79,1,chicago
101,3/18/2025,1009,2016,403,0,969.06,4,philadelphia
102,3/18/2025,1112,2012,404,0,1869.57,3,chicago
103,3/18/2025,1184,2018,404,1,488.03,4,chicago
106,3/18/2025,1084,2086,404,2,2861.12,6,chicago
107,3/18/2025,1160,2091,404,0,905.79,4,chicago
108,3/18/2025,1158,2008,402,2,159.82,5,atlanta
109,3/18/2025,1058,2095,401,3,2453.95,2,los angelos
110,3/18/2025,1025,2097,401,3,842.1,1,los angelos
111,3/18/2025,1042,2088,403,0,709.35,2,philadelphia
115,3/18/2025,1043,2022,401,3,2684.72,3,los angelos
116,3/18/2025,1158,2087,402,3,477.96,2,atlanta
117,3/18/2025,1149,2018,402,3,1626.78,1,atlanta
118,3/18/2025,1163,2032,404,2,756.48,5,chicago
119,3/18/2025,1170,2001,404,2,659.76,2,chicago
120,3/18/2025,1173,2069,402,0,464.78,3,atlanta
122,3/18/2025,1176,2032,404,2,756.48,5,chicago
123,3/18/2025,1050,2049,404,0,2819.52,1,chicago
124,3/18/2025,1060,2048,403,2,1144.42,2,philadelphia
125,3/18/2025,1179,2037,401,3,1440.56,4,los angelos
130,3/18/2025,1160,2082,401,2,426.56,6,los angelos
131,3/18/2025,1112,2004,403,1,1669.05,4,philadelphia
132,3/18/2025,1023,2037,403,3,2160.84,5,philadelphia
133,3/18/2025,1044,2025,402,2,223.7,2,atlanta
134,3/18/2025,1135,2064,403,1,793.91,1,philadelphia
135,3/18/2025,1065,2061,403,2,639.74,2,philadelphia
136,3/18/2025,1029,2059,401,1,921.69,6,los angelos
137,3/18/2025,1193,2028,404,2,1531.06,1,chicago
138,3/18/2025,1023,2050,401,2,298.85,2,los angelos
139,3/18/2025,1137,2015,404,2,539.98,3,chicago
140,3/18/2025,1172,2095,403,3,2453.95,2,philadelphia
141,3/18/2025,1163,2047,401,1,301.48,1,los angelos
142,3/18/2025,1120,2003,403,1,1039.99,5,philadelphia
143,3/18/2025,1165,2008,404,2,53.27,2,chicago
144,3/18/2025,1166,2052,401,1,658.13,3,los angelos
145,3/18/2025,1011,2004,403,3,3709.0,4,philadelphia
147,3/18/2025,1099,2058,403,3,666.75,1,philadelphia
148,3/18/2025,1150,2095,402,3,490.79,2,atlanta
150,3/18/2025,1071,2004,403,1,834.52,3,philadelphia
151,3/18/2025,1113,2056,402,2,839.55,4,atlanta
153,3/18/2025,1015,2050,403,1,504.31,5,philadelphia
154,3/18/2025,1031,2058,401,1,2400.3,6,los angelos
155,3/18/2025,1164,2081,401,0,2984.88,4,los angelos
156,3/18/2025,1085,2031,402,1,508.77,5,atlanta
157,3/18/2025,1017,2097,402,1,757.89,2,atlanta
160,3/18/2025,1044,2014,401,1,886.68,6,los angelos
161,3/18/2025,1003,2045,402,2,499.42,1,atlanta
162,3/18/2025,1004,2022,403,0,671.18,2,philadelphia
163,3/18/2025,1032,2094,404,0,493.35,3,chicago
164,3/18/2025,1190,2008,404,3,266.36,2,chicago
165,3/18/2025,1199,2046,401,3,167.15,1,los angelos
166,3/18/2025,1128,2028,401,2,2041.41,5,los angelos
167,3/18/2025,1117,2082,401,0,799.8,2,los angelos
168,3/18/2025,1122,2051,404,0,234.64,3,chicago
169,3/18/2025,1125,2091,404,0,1811.58,4,chicago
171,3/18/2025,1032,2035,403,3,4499.95,1,philadelphia
172,3/18/2025,1152,2067,403,3,872.85,2,philadelphia
173,3/18/2025,1129,2077,404,0,2809.15,4,chicago
174,3/18/2025,1179,2014,402,3,738.9,3,atlanta
176,3/18/2025,1116,2051,404,0,351.96,3,chicago
177,3/18/2025,1080,2054,403,2,3602.04,5,philadelphia
178,3/18/2025,1095,2019,404,0,933.93,6,chicago
180,3/18/2025,1024,2095,403,1,3533.69,5,philadelphia
181,3/18/2025,1142,2007,403,0,583.39,2,philadelphia
182,3/18/2025,1105,2045,404,0,624.28,1,chicago
183,3/18/2025,1073,2076,403,2,1934.57,2,philadelphia
184,3/18/2025,1026,2073,402,1,1797.95,6,atlanta
185,3/18/2025,1168,2061,402,0,599.76,1,atlanta
188,3/18/2025,1143,2098,401,2,2178.86,2,los angelos
189,3/18/2025,1007,2023,403,2,751.63,1,philadelphia
190,3/18/2025,1086,2044,401,1,373.64,5,los angelos
191,3/18/2025,1036,2072,404,0,1260.9,2,chicago
192,3/18/2025,1036,2094,401,0,2466.75,3,los angelos
193,3/18/2025,1191,2067,402,3,872.85,0,atlanta
194,3/18/2025,1107,2058,403,1,1800.22,5,philadelphia
195,3/18/2025,1094,2039,403,0,1952.88,1,philadelphia
198,3/18/2025,1169,2054,404,3,900.51,3,chicago
199,3/18/2025,1106,2034,402,0,136.17,4,atlanta
200,3/18/2025,1088,2055,401,2,129.46,3,los angelos
201,3/18/2025,1173,2086,404,2,715.28,5,chicago
203,3/18/2025,1001,2026,403,1,190.4,4,philadelphia
204,3/18/2025,1196,2017,403,2,370.96,5,philadelphia
206,3/18/2025,1191,2055,402,1,48.55,1,atlanta
207,3/18/2025,1097,2068,402,2,1312.38,2,atlanta
209,3/18/2025,1004,2058,401,2,1066.8,1,los angelos
210,3/18/2025,1147,2054,404,3,2701.53,2,chicago
211,3/18/2025,1074,2014,404,0,738.9,3,chicago
212,3/18/2025,1083,2021,404,2,668.33,2,chicago
213,3/18/2025,1022,2055,401,1,97.09,1,los angelos
214,3/18/2025,1111,2075,404,0,1561.28,5,chicago
215,3/18/2025,1101,2039,403,1,2636.39,2,philadelphia
216,3/18/2025,1085,2099,402,0,646.32,3,atlanta
217,3/18/2025,1130,2081,401,1,1343.2,4,los angelos
218,3/18/2025,1198,2044,403,1,186.82,5,philadelphia
220,3/18/2025,1050,2022,402,0,671.18,2,atlanta
221,3/18/2025,1045,2098,404,3,907.86,4,chicago
222,3/18/2025,1193,2072,404,2,1681.2,3,chicago
225,3/18/2025,1070,2075,401,2,624.51,5,los angelos
226,3/18/2025,1129,2009,403,3,198.93,6,philadelphia
227,3/18/2025,1115,2004,401,2,2225.4,4,los angelos
228,3/18/2025,1073,2009,401,3,66.31,5,los angelos
229,3/18/2025,1118,2074,401,3,659.5,2,los angelos
230,3/18/2025,1146,2083,402,2,614.53,1,atlanta
231,3/18/2025,1154,2060,402,0,408.38,2,atlanta
232,3/18/2025,1115,2013,403,0,2806.08,6,philadelphia
233,3/18/2025,1129,2082,402,0,1066.4,1,atlanta
234,3/18/2025,1063,2090,404,3,71.64,2,chicago
235,3/18/2025,1134,2066,402,2,1238.54,3,atlanta
236,3/18/2025,1095,2036,404,3,653.94,2,chicago
237,3/18/2025,1198,2043,401,2,1397.52,1,los angelos
239,3/18/2025,1072,2032,402,2,1512.96,2,atlanta
240,3/18/2025,1020,2074,402,2,527.6,3,atlanta
241,3/18/2025,1079,2083,404,1,691.34,4,chicago
242,3/18/2025,1152,2090,401,2,57.31,5,los angelos
244,3/18/2025,1171,2089,401,3,1654.08,2,los angelos
245,3/18/2025,1130,2046,401,2,106.98,4,los angelos
246,3/18/2025,1079,2023,402,2,3006.53,3,atlanta
247,3/18/2025,1196,2062,402,1,1114.85,4,atlanta
249,3/18/2025,1025,2064,401,2,705.7,5,los angelos
250,3/18/2025,1196,2079,402,3,2851.62,6,atlanta
251,3/18/2025,1039,2020,402,1,338.25,4,atlanta
252,3/18/2025,1184,2056,401,3,1574.16,5,los angelos
253,3/18/2025,1093,2086,402,3,3576.4,2,atlanta
254,3/18/2025,1156,2036,404,1,392.36,1,chicago
255,3/18/2025,1136,2030,403,3,509.91,2,philadelphia
256,3/18/2025,1049,2047,404,3,1674.9,6,chicago
258,3/18/2025,1041,2025,402,2,671.09,2,atlanta
259,7/29/2025,1013,2082,404,2,1066.4,3,chicago
260,7/29/2025,1141,2013,401,2,748.29,2,los angelos
261,7/29/2025,1021,2097,402,2,673.68,1,atlanta
262,7/29/2025,1115,2065,402,3,1881.36,5,atlanta
263,7/29/2025,1023,2028,404,2,510.35,2,chicago
264,7/29/2025,1006,2053,401,3,610.15,3,los angelos
265,7/29/2025,1128,2047,402,3,1004.94,4,atlanta
266,7/29/2025,1020,2047,402,0,669.96,5,atlanta
267,7/29/2025,1081,2012,403,1,1682.61,1,philadelphia
268,7/29/2025,1035,2004,403,3,927.25,2,philadelphia
269,7/29/2025,1178,2017,404,3,1854.8,4,chicago
270,7/29/2025,1157,2000,401,0,1938.62,3,los angelos
271,7/29/2025,1065,2027,402,3,775.83,4,atlanta
272,7/29/2025,1028,2099,403,1,3490.13,3,philadelphia
273,7/29/2025,1077,2015,401,1,1822.42,5,los angelos
274,7/29/2025,1107,2081,404,0,2238.66,6,chicago
275,7/29/2025,1028,2063,401,1,994.43,4,los angelos
276,7/29/2025,1183,2018,403,3,2711.3,5,philadelphia
278,7/29/2025,1146,2053,402,0,1220.3,1,atlanta
279,7/29/2025,1134,2046,401,0,33.43,2,los angelos
280,7/29/2025,1099,2060,401,3,1633.52,6,los angelos
281,7/29/2025,1095,2032,401,2,1512.96,1,los angelos
282,7/29/2025,1017,2044,402,0,207.58,2,atlanta
283,7/29/2025,1197,2074,403,1,593.55,3,philadelphia
284,7/29/2025,1011,2045,403,1,842.78,2,philadelphia
285,7/29/2025,1199,2087,404,3,159.32,1,chicago
286,7/29/2025,1161,2023,402,0,939.54,5,atlanta
287,7/29/2025,1183,2099,404,0,1292.64,2,chicago
289,7/29/2025,1010,2040,403,3,138.16,4,philadelphia
290,7/29/2025,1139,2060,403,0,1225.14,5,philadelphia
291,7/29/2025,1192,2082,402,2,213.28,1,atlanta
292,7/29/2025,1091,2099,401,2,1034.11,2,los angelos
293,7/29/2025,1069,2015,403,3,2699.88,4,philadelphia
294,7/29/2025,1102,2095,404,3,1472.37,3,chicago
295,7/29/2025,1086,2023,404,3,3758.16,4,chicago
296,7/29/2025,1094,2066,403,0,1032.12,3,philadelphia
298,7/29/2025,1154,2023,403,2,751.63,6,philadelphia
299,7/29/2025,1026,2010,403,2,62.27,4,philadelphia
300,7/29/2025,1078,2057,404,1,393.28,5,chicago
301,7/29/2025,1176,2056,403,3,524.72,2,philadelphia
303,7/29/2025,1070,2081,401,0,1492.44,2,los angelos
304,7/29/2025,1171,2081,404,2,596.98,6,chicago
305,7/29/2025,1131,2095,402,0,1472.37,1,atlanta
306,7/29/2025,1036,2077,404,0,1123.66,2,chicago
307,7/29/2025,1032,2008,402,2,106.54,3,atlanta
309,7/29/2025,1173,2057,403,2,349.58,1,philadelphia
310,7/29/2025,1113,2097,401,1,757.89,5,los angelos
311,7/29/2025,1135,2046,404,2,80.23,2,chicago
312,7/29/2025,1166,2035,402,0,899.99,3,atlanta
313,7/29/2025,1006,2094,402,3,1480.05,4,atlanta
314,7/29/2025,1132,2049,401,2,1503.74,5,los angelos
315,7/29/2025,1198,2033,404,1,2257.88,1,chicago
316,7/29/2025,1156,2036,404,1,784.73,2,chicago
318,7/29/2025,1044,2091,404,0,1811.58,3,chicago
319,7/29/2025,1174,2040,403,0,34.54,4,philadelphia
320,7/29/2025,1140,2069,403,2,557.74,3,philadelphia
321,7/29/2025,1040,2091,402,2,724.63,5,atlanta
322,7/29/2025,1130,2028,401,1,574.15,6,los angelos
323,7/29/2025,1035,2030,404,0,339.94,4,chicago
324,7/29/2025,1092,2070,403,3,102.54,5,philadelphia
326,7/29/2025,1079,2050,404,3,186.78,1,chicago
327,7/29/2025,1196,2052,401,1,2632.54,2,los angelos
328,7/29/2025,1081,2082,401,3,1066.4,6,los angelos
330,7/29/2025,1199,2070,402,1,30.76,0,atlanta
332,7/29/2025,1132,2019,403,1,1681.07,2,philadelphia
333,7/29/2025,1041,2041,402,2,643.37,1,atlanta
334,7/29/2025,1132,2036,401,2,348.77,5,los angelos
335,7/29/2025,1050,2081,403,1,2686.39,2,philadelphia
337,7/29/2025,1151,2074,402,1,1187.1,4,atlanta
338,7/29/2025,1168,2079,403,0,1901.08,5,philadelphia
339,7/29/2025,1007,2010,401,2,62.27,1,los angelos
341,7/29/2025,1127,2080,403,2,1997.42,4,philadelphia
342,7/29/2025,1123,2031,404,2,1356.72,3,chicago
343,7/29/2025,1116,2009,401,1,119.36,4,los angelos
345,7/29/2025,1052,2043,402,2,698.76,5,atlanta
346,7/29/2025,1183,2040,403,3,103.62,6,philadelphia
347,7/29/2025,1033,2097,403,0,4210.5,4,philadelphia
348,7/29/2025,1081,2030,404,0,339.94,5,chicago
349,7/29/2025,1068,2057,402,1,1179.85,2,atlanta
350,7/29/2025,1024,2006,403,3,594.0,1,philadelphia
351,7/29/2025,1157,2053,402,1,1098.27,2,atlanta
352,7/29/2025,1083,2073,403,1,2247.44,6,philadelphia
353,7/29/2025,1195,2020,404,3,1879.15,1,chicago
354,7/29/2025,1127,2039,404,0,1952.88,2,chicago
356,7/29/2025,1055,2074,403,0,1978.5,2,philadelphia
357,7/29/2025,1012,2036,404,3,653.94,1,chicago
358,7/29/2025,1073,2068,401,0,2460.72,5,los angelos
359,7/29/2025,1110,2017,403,2,370.96,2,philadelphia
360,7/29/2025,1195,2051,403,0,117.32,3,philadelphia
361,7/29/2025,1102,2006,402,2,792.0,4,atlanta
362,7/29/2025,1141,2036,401,3,871.92,5,los angelos
363,7/29/2025,1129,2057,403,0,1747.92,1,philadelphia
364,7/29/2025,1032,2012,404,2,997.1,2,chicago
365,7/29/2025,1086,2071,403,1,553.64,4,philadelphia
366,7/29/2025,1050,2077,404,0,561.83,3,chicago
369,7/29/2025,1155,2065,402,2,1128.82,5,atlanta
370,7/29/2025,1156,2040,402,3,138.16,6,atlanta
371,7/29/2025,1157,2094,403,2,1578.72,4,philadelphia
372,7/29/2025,1129,2065,404,2,752.54,5,chicago
373,7/29/2025,1121,2002,403,2,2771.2,2,philadelphia
374,7/29/2025,1172,2014,404,2,197.04,1,chicago
375,7/29/2025,1185,2088,401,3,2128.05,2,los angelos
377,7/29/2025,1149,2061,402,3,1199.52,1,atlanta
378,7/29/2025,1037,2087,402,0,318.64,2,atlanta
379,7/29/2025,1146,2089,401,1,744.34,3,los angelos
380,7/29/2025,1004,2056,403,3,2098.88,2,philadelphia
381,7/29/2025,1038,2052,402,3,2193.78,1,atlanta
382,7/29/2025,1128,2099,404,0,3877.92,5,chicago
383,7/29/2025,1180,2017,402,2,741.92,2,atlanta
384,7/29/2025,1169,2061,404,2,319.87,3,chicago
385,7/29/2025,1044,2058,403,2,1066.8,4,philadelphia
386,7/29/2025,1173,2098,403,3,3631.44,5,philadelphia
387,7/29/2025,1049,2031,403,2,1356.72,1,philadelphia
388,7/29/2025,1057,2038,403,1,2501.58,2,philadelphia
389,7/29/2025,1176,2090,404,2,343.87,4,chicago
390,7/29/2025,1122,2044,403,2,166.06,3,philadelphia
391,7/29/2025,1031,2073,404,3,1498.29,4,chicago
392,7/29/2025,1088,2098,402,2,726.29,3,atlanta
393,7/29/2025,1010,2036,401,2,348.77,5,los angelos
394,7/29/2025,1113,2083,403,3,3072.64,6,philadelphia
395,7/29/2025,1054,2025,403,2,671.09,4,philadelphia
396,7/29/2025,1035,2013,402,1,1683.65,5,atlanta
397,7/29/2025,1012,2085,402,1,217.94,2,atlanta
398,7/29/2025,1013,2012,404,2,1994.21,1,chicago
399,7/29/2025,1183,2060,401,1,367.54,2,los angelos
400,7/29/2025,1001,2070,402,3,102.54,6,atlanta
401,7/29/2025,1167,2060,404,1,735.08,1,chicago
402,7/29/2025,1193,2036,403,2,348.77,2,philadelphia
404,7/29/2025,1136,2094,401,1,1776.06,2,los angelos
405,7/29/2025,1106,2022,401,3,671.18,1,los angelos
407,7/29/2025,1002,2038,401,2,1482.42,2,los angelos
408,7/29/2025,1072,2058,404,1,1200.15,3,chicago
409,7/29/2025,1129,2059,403,1,1382.54,4,philadelphia
410,7/29/2025,1028,2042,402,3,502.83,5,atlanta
412,7/29/2025,1188,2043,403,1,1572.21,2,philadelphia
413,7/29/2025,1044,2078,404,3,426.03,4,chicago
414,7/29/2025,1131,2041,401,3,3216.84,3,los angelos
415,7/29/2025,1171,2012,402,1,1121.74,4,atlanta
416,7/29/2025,1122,2041,402,0,1608.42,3,atlanta
418,7/29/2025,1192,2034,403,2,326.81,6,philadelphia
419,7/29/2025,1149,2092,401,2,1157.3,4,los angelos
420,7/29/2025,1167,2046,402,0,133.72,5,atlanta
422,7/29/2025,1040,2051,403,0,469.28,1,philadelphia
424,7/29/2025,1056,2017,404,1,834.66,6,chicago
425,7/29/2025,1116,2095,403,3,490.79,1,philadelphia
426,7/29/2025,1179,2070,404,1,61.52,2,chicago
427,7/29/2025,1195,2031,401,3,1695.9,3,los angelos
429,7/29/2025,1144,2014,401,1,443.34,1,los angelos
430,7/29/2025,1146,2068,402,1,2952.86,5,atlanta
431,7/29/2025,1083,2066,404,0,516.06,2,chicago
432,7/29/2025,1174,2026,404,0,423.12,0,chicago
433,7/29/2025,1130,2057,401,3,1747.92,4,los angelos
435,7/29/2025,1144,2007,404,2,933.42,1,chicago
436,7/29/2025,1185,2002,404,2,692.8,2,chicago
438,7/29/2025,1011,2054,403,0,900.51,3,philadelphia
439,7/29/2025,1138,2007,401,3,2333.56,4,los angelos
440,7/29/2025,1008,2036,404,1,196.18,3,chicago
441,7/29/2025,1196,2017,404,2,741.92,5,chicago
442,7/29/2025,1097,2057,404,3,436.98,6,chicago
443,7/29/2025,1020,2087,402,2,637.28,4,atlanta
444,7/29/2025,1030,2022,404,1,604.06,5,chicago
445,7/29/2025,1186,2028,401,0,2551.76,2,los angelos
446,7/29/2025,1076,2059,404,3,1536.15,1,chicago
448,7/29/2025,1039,2035,402,0,899.99,6,atlanta
449,7/29/2025,1008,2084,404,0,845.55,1,chicago
450,7/29/2025,1061,2026,401,0,423.12,2,los angelos
451,7/29/2025,1152,2004,404,0,2781.75,3,chicago
452,7/29/2025,1062,2094,401,3,1973.4,2,los angelos
453,7/29/2025,1112,2029,402,0,13.51,1,atlanta
455,7/29/2025,1187,2073,403,2,399.54,2,philadelphia
456,7/29/2025,1060,2038,402,1,3335.44,3,atlanta
457,7/29/2025,1105,2038,403,0,1853.02,4,philadelphia
458,7/29/2025,1142,2075,402,3,3903.2,5,atlanta
459,7/29/2025,1142,2063,401,2,1325.9,1,los angelos
460,7/29/2025,1164,2085,404,2,387.44,2,chicago
461,7/29/2025,1178,2053,404,1,1647.4,4,chicago
462,7/29/2025,1076,2048,402,3,1072.89,3,atlanta
463,7/29/2025,1061,2028,403,1,1148.29,4,philadelphia
464,7/29/2025,1118,2007,404,3,1750.17,3,chicago
465,7/29/2025,1142,2067,402,3,1163.8,5,atlanta
466,7/29/2025,1062,2032,402,2,756.48,6,atlanta
467,7/29/2025,1165,2010,404,2,124.54,4,chicago
468,7/29/2025,1023,2068,402,0,2460.72,5,atlanta
469,7/29/2025,1068,2048,401,0,715.26,2,los angelos
471,7/29/2025,1053,2042,403,0,167.61,2,philadelphia
472,7/29/2025,1054,2024,401,3,372.81,6,los angelos
473,7/29/2025,1062,2089,402,3,1240.56,1,atlanta
474,7/29/2025,1061,2070,403,2,27.34,2,philadelphia
476,7/29/2025,1066,2046,404,3,200.58,2,chicago
477,7/29/2025,1025,2092,404,2,771.54,1,chicago
478,7/29/2025,1052,2047,403,3,334.98,5,philadelphia
479,7/29/2025,1011,2072,402,1,756.54,2,atlanta
481,7/29/2025,1039,2025,403,1,503.32,4,philadelphia
482,7/29/2025,1097,2072,402,3,420.3,5,atlanta
483,7/29/2025,1140,2083,403,2,1843.58,1,philadelphia
484,7/29/2025,1195,2062,404,3,3096.8,2,chicago
485,7/29/2025,1043,2093,403,1,1360.69,4,philadelphia
487,7/29/2025,1138,2082,401,0,533.2,4,los angelos
488,7/29/2025,1019,2085,401,0,484.3,3,los angelos
489,7/29/2025,1105,2017,402,0,1391.1,5,atlanta
490,7/29/2025,1181,2019,401,1,4202.68,6,los angelos
491,7/29/2025,1129,2058,403,0,1333.5,4,philadelphia
492,7/29/2025,1158,2081,404,3,2984.88,5,chicago
493,7/29/2025,1004,2000,404,0,2907.93,2,chicago
494,7/29/2025,1004,2067,403,2,465.52,1,philadelphia
495,7/29/2025,1004,2064,404,1,1323.18,2,chicago
496,7/29/2025,1027,2012,402,1,1121.74,6,atlanta
497,7/29/2025,1049,2079,403,2,3802.16,1,philadelphia
499,7/29/2025,1103,2058,402,1,600.08,3,atlanta
500,7/29/2025,1076,2087,401,0,159.32,2,los angelos
501,7/29/2025,1023,2051,404,3,351.96,1,chicago
502,7/29/2025,1141,2060,401,0,408.38,5,los angelos
503,7/29/2025,1179,2021,401,3,835.41,2,los angelos
505,7/29/2025,1135,2005,402,1,1157.71,4,atlanta
506,7/29/2025,1177,2072,404,2,1008.72,5,chicago
508,7/29/2025,1045,2040,401,1,31.09,2,los angelos
509,7/29/2025,1150,2018,404,0,1084.52,4,chicago
510,7/29/2025,1076,2020,402,3,2254.98,3,atlanta
511,7/29/2025,1173,2069,403,3,232.39,4,philadelphia
512,7/29/2025,1193,2094,402,0,1480.05,3,atlanta
514,7/29/2025,1025,2055,402,0,107.88,6,atlanta
515,7/29/2025,1087,2077,404,2,449.46,4,chicago
516,7/29/2025,1007,2081,403,3,746.22,5,philadelphia
517,7/29/2025,1125,2029,403,3,40.53,2,philadelphia
518,7/29/2025,1110,2023,404,0,1879.08,1,chicago
519,7/29/2025,1197,2079,403,1,855.49,2,philadelphia
520,7/29/2025,1182,2009,401,2,53.05,6,los angelos
521,7/29/2025,1039,2048,402,3,357.63,1,atlanta
522,7/29/2025,1081,2046,401,0,33.43,2,los angelos
523,7/29/2025,1001,2039,404,2,2343.46,3,chicago
524,7/29/2025,1194,2034,401,1,245.11,2,los angelos
525,7/29/2025,1022,2023,404,3,5637.24,1,chicago
526,7/29/2025,1142,2071,404,0,615.16,5,chicago
527,7/29/2025,1006,2011,403,0,1229.22,2,philadelphia
528,7/29/2025,1152,2076,403,3,2418.21,3,philadelphia
529,7/29/2025,1003,2037,404,3,1440.56,4,chicago
530,7/29/2025,1199,2010,402,1,210.17,5,atlanta
531,7/29/2025,1175,2048,402,1,965.6,1,atlanta
533,7/29/2025,1037,2008,402,3,266.36,4,atlanta
534,7/29/2025,1070,2053,403,3,1830.45,3,philadelphia
535,12/6/2025,1005,2009,403,2,53.05,4,philadelphia
536,12/6/2025,1063,2092,404,1,867.98,3,chicago
537,12/6/2025,1117,2013,402,2,2244.86,5,atlanta
539,12/6/2025,1084,2056,403,3,1574.16,4,philadelphia
542,12/6/2025,1080,2022,404,2,1073.89,1,chicago
543,12/6/2025,1074,2094,404,1,444.02,2,chicago
545,12/6/2025,1093,2014,402,1,221.67,1,atlanta
546,12/6/2025,1174,2098,401,3,2723.58,2,los angelos
547,12/6/2025,1181,2026,404,2,507.74,3,chicago
548,12/6/2025,1177,2008,404,3,332.95,2,chicago
549,12/6/2025,1035,2081,403,1,1343.2,1,philadelphia
550,12/6/2025,1064,2084,402,3,845.55,5,atlanta
551,12/6/2025,1096,2009,404,3,198.93,2,chicago
553,12/6/2025,1092,2089,401,0,827.04,6,los angelos
554,12/6/2025,1196,2031,403,1,1526.31,7,philadelphia
555,12/6/2025,1165,2078,401,3,142.01,5,los angelos
556,12/6/2025,1192,2042,404,0,1005.66,1,chicago
557,12/6/2025,1002,2012,403,1,560.87,2,philadelphia
558,12/6/2025,1130,2095,402,3,1963.16,4,atlanta
559,12/6/2025,1095,2050,404,1,168.1,3,chicago
560,12/6/2025,1088,2003,404,0,385.18,4,chicago
561,12/6/2025,1075,2053,401,0,1830.45,3,los angelos
562,12/6/2025,1186,2018,403,2,1301.42,5,philadelphia
563,12/6/2025,1087,2058,402,3,2667.0,6,atlanta
564,12/6/2025,1089,2060,401,3,408.38,4,los angelos
565,12/6/2025,1184,2089,404,2,1984.9,5,chicago
567,12/6/2025,1005,2043,401,1,786.1,1,los angelos
568,12/6/2025,1189,2031,402,1,2035.08,2,atlanta
570,12/6/2025,1059,2051,402,1,527.94,1,atlanta
571,12/6/2025,1163,2084,404,3,845.55,2,chicago
572,12/6/2025,1007,2094,402,3,493.35,3,atlanta
575,12/6/2025,1192,2090,401,0,286.56,5,los angelos
576,12/6/2025,1137,2023,403,2,1503.26,2,philadelphia
577,12/6/2025,1050,2058,401,2,1066.8,3,los angelos
578,12/6/2025,1171,2062,403,3,619.36,5,philadelphia
580,12/6/2025,1090,2058,402,2,1066.8,2,atlanta
581,12/6/2025,1157,2075,401,1,702.58,4,los angelos
582,12/6/2025,1080,2015,402,2,1619.93,3,atlanta
584,12/6/2025,1130,2049,404,1,845.86,3,chicago
585,12/6/2025,1147,2049,404,1,845.86,5,chicago
586,12/6/2025,1124,2081,402,1,2686.39,6,atlanta
587,12/6/2025,1125,2036,402,1,588.55,4,atlanta
588,12/6/2025,1080,2057,401,2,699.17,5,los angelos
589,12/6/2025,1002,2062,402,1,1114.85,2,atlanta
590,12/6/2025,1098,2071,404,3,1845.48,1,chicago
591,12/6/2025,1175,2062,404,3,1858.08,2,chicago
592,12/6/2025,1125,2021,401,0,1670.82,6,los angelos
593,12/6/2025,1194,2028,403,0,637.94,1,philadelphia
595,12/6/2025,1199,2058,404,0,2667.0,3,chicago
597,12/6/2025,1138,2096,401,3,2688.72,1,los angelos
598,12/6/2025,1139,2027,404,0,258.61,5,chicago
599,12/6/2025,1188,2083,402,2,1229.06,2,atlanta
600,12/6/2025,1008,2057,403,2,699.17,0,philadelphia
601,12/6/2025,1022,2056,401,1,2361.24,5,los angelos
602,12/6/2025,1053,2094,403,3,493.35,1,philadelphia
603,12/6/2025,1042,2078,402,1,127.81,2,atlanta
604,12/6/2025,1052,2007,403,2,2333.56,4,philadelphia
605,12/6/2025,1152,2068,402,2,656.19,3,atlanta
606,12/6/2025,1180,2037,403,2,288.11,4,philadelphia
607,12/6/2025,1131,2086,401,1,2414.07,3,los angelos
609,12/6/2025,1167,2016,402,1,290.72,6,atlanta
612,12/6/2025,1036,2073,403,3,1997.72,2,philadelphia
613,12/6/2025,1096,2057,401,0,1310.94,1,los angelos
614,12/6/2025,1103,2065,403,2,376.27,2,philadelphia
615,12/6/2025,1116,2062,403,0,1238.72,6,philadelphia
618,12/6/2025,1136,2050,402,3,933.9,3,atlanta
619,12/6/2025,1054,2063,403,2,441.97,2,philadelphia
620,12/6/2025,1072,2043,402,3,4367.25,1,atlanta
621,12/6/2025,1087,2087,401,0,637.28,5,los angelos
622,12/6/2025,1025,2080,404,0,3329.04,2,chicago
623,12/6/2025,1031,2020,404,3,1127.49,3,chicago
624,12/6/2025,1000,2054,402,1,1620.92,5,atlanta
625,12/6/2025,1166,2038,402,2,2223.62,1,atlanta
626,12/6/2025,1023,2083,403,2,1229.06,2,philadelphia
627,12/6/2025,1021,2047,402,0,1674.9,4,atlanta
628,12/6/2025,1101,2080,403,1,3745.17,3,philadelphia
629,12/6/2025,1109,2083,401,0,768.16,4,los angelos
630,12/6/2025,1000,2027,404,0,517.22,3,chicago
631,12/6/2025,1033,2075,402,3,780.64,5,atlanta
632,12/6/2025,1002,2001,403,0,824.7,6,philadelphia
633,12/6/2025,1108,2088,402,3,3546.75,4,atlanta
634,12/6/2025,1018,2029,404,0,27.02,5,chicago
635,12/6/2025,1187,2013,401,2,2993.15,2,los angelos
636,12/6/2025,1094,2038,402,3,926.51,1,atlanta
637,12/6/2025,1198,2096,402,1,1814.89,2,atlanta
638,12/6/2025,1017,2067,401,1,523.71,6,los angelos
639,12/6/2025,1112,2044,402,1,560.47,1,atlanta
640,12/6/2025,1105,2078,404,1,383.43,2,chicago
641,12/6/2025,1022,2012,402,0,623.19,3,atlanta
642,12/6/2025,1150,2093,404,2,1814.26,2,chicago
643,12/6/2025,1109,2040,402,1,31.09,1,atlanta
645,12/6/2025,1141,2076,403,0,3224.28,2,philadelphia
646,12/6/2025,1168,2038,402,1,1667.72,3,atlanta
647,12/6/2025,1191,2050,403,0,560.34,5,philadelphia
648,12/6/2025,1005,2030,404,3,679.88,1,chicago
649,12/6/2025,1028,2030,404,0,509.91,2,chicago
650,12/6/2025,1135,2001,403,2,989.64,4,philadelphia
651,12/6/2025,1033,2049,404,2,751.87,3,chicago
653,12/6/2025,1197,2009,401,0,265.24,3,los angelos
654,12/6/2025,1003,2033,402,0,836.25,5,atlanta
655,12/6/2025,1015,2050,403,3,560.34,6,philadelphia
656,12/6/2025,1108,2089,404,0,413.52,4,chicago
657,12/6/2025,1163,2068,402,2,3280.96,5,atlanta
658,12/6/2025,1021,2039,401,1,878.8,2,los angelos
659,12/6/2025,1039,2068,403,3,2460.72,1,philadelphia
660,12/6/2025,1150,2081,401,2,1193.95,2,los angelos
661,12/6/2025,1178,2055,402,0,53.94,6,atlanta
664,12/6/2025,1170,2094,402,0,986.7,3,atlanta
665,12/6/2025,1003,2090,402,0,143.28,2,atlanta
666,12/6/2025,1041,2063,403,2,1325.9,1,philadelphia
667,12/6/2025,1042,2047,402,2,803.95,5,atlanta
669,12/6/2025,1109,2034,401,2,326.81,3,los angelos
670,12/6/2025,1182,2073,401,3,499.43,5,los angelos
671,12/6/2025,1116,2065,403,0,470.34,1,philadelphia
672,12/6/2025,1127,2072,402,2,1008.72,2,atlanta
674,12/6/2025,1058,2094,401,0,493.35,3,los angelos
675,12/6/2025,1003,2031,401,3,1695.9,4,los angelos
676,12/6/2025,1093,2049,402,1,1691.71,3,atlanta
677,12/6/2025,1009,2070,404,1,30.76,5,chicago
678,12/6/2025,1082,2031,404,2,452.24,6,chicago
680,12/6/2025,1128,2086,401,1,804.69,5,los angelos
681,12/6/2025,1057,2066,401,3,1548.18,2,los angelos
682,12/6/2025,1017,2059,403,2,409.64,1,philadelphia
683,12/6/2025,1083,2011,404,0,1638.96,2,chicago
684,12/6/2025,1094,2025,403,2,223.7,6,philadelphia
685,12/6/2025,1189,2079,402,3,3802.16,1,atlanta
686,12/6/2025,1094,2075,404,1,702.58,2,chicago
687,12/6/2025,1187,2069,402,1,627.45,3,atlanta
689,12/6/2025,1138,2044,401,2,166.06,1,los angelos
690,12/6/2025,1000,2097,404,2,1347.36,5,chicago
691,12/6/2025,1026,2026,402,3,211.56,2,atlanta
692,12/6/2025,1125,2007,402,2,933.42,3,atlanta
693,12/6/2025,1023,2005,402,3,1286.34,5,atlanta
694,12/6/2025,1179,2047,404,0,669.96,1,chicago
695,12/6/2025,1148,2012,402,3,3115.95,2,atlanta
696,12/6/2025,1019,2075,401,3,2341.92,4,los angelos
697,12/6/2025,1169,2016,402,2,775.25,3,atlanta
698,12/6/2025,1066,2040,404,2,55.26,4,chicago
699,12/6/2025,1081,2057,403,1,393.28,3,philadelphia
700,12/6/2025,1019,2025,402,0,559.24,5,atlanta
701,12/6/2025,1039,2013,402,3,4676.8,6,atlanta
702,12/6/2025,1119,2040,404,0,69.08,4,chicago
704,12/6/2025,1078,2059,403,0,1536.15,2,philadelphia
706,12/6/2025,1055,2041,402,0,4021.05,2,atlanta
707,12/6/2025,1182,2031,403,3,1695.9,6,philadelphia
708,12/6/2025,1131,2006,403,2,475.2,1,philadelphia
709,12/6/2025,1044,2003,404,3,1155.54,2,chicago
710,12/6/2025,1142,2095,402,0,2453.95,3,atlanta
711,12/6/2025,1118,2013,402,0,1870.72,2,atlanta
712,12/6/2025,1003,2007,402,1,1050.1,1,atlanta
713,12/6/2025,1050,2051,403,0,117.32,5,philadelphia
714,12/6/2025,1149,2075,403,0,780.64,2,philadelphia
715,12/6/2025,1005,2008,402,3,466.13,3,atlanta
716,12/6/2025,1032,2011,403,0,409.74,5,philadelphia
717,12/6/2025,1010,2059,401,1,921.69,1,los angelos
719,12/6/2025,1007,2048,404,1,1287.47,4,chicago
720,12/6/2025,1090,2027,402,2,413.78,3,atlanta
721,12/6/2025,1071,2057,402,0,1310.94,4,atlanta
722,12/6/2025,1157,2079,402,2,2281.3,3,atlanta
723,12/6/2025,1127,2052,404,0,2193.78,5,chicago
724,12/6/2025,1022,2035,404,1,1619.98,6,chicago
725,12/6/2025,1107,2025,402,0,279.62,4,atlanta
726,12/6/2025,1097,2091,403,3,2717.37,5,philadelphia
727,12/6/2025,1139,2062,403,2,1486.46,2,philadelphia
728,12/6/2025,1099,2034,402,0,408.51,1,atlanta
729,12/6/2025,1081,2076,402,0,2418.21,2,atlanta
730,12/6/2025,1199,2035,401,3,2699.97,6,los angelos
731,12/6/2025,1135,2045,402,1,842.78,1,atlanta
732,12/6/2025,1025,2031,402,2,904.48,2,atlanta
734,12/6/2025,1147,2049,403,1,3383.42,2,philadelphia
735,12/6/2025,1045,2030,403,2,407.93,1,philadelphia
736,12/6/2025,1151,2003,403,1,693.32,5,philadelphia
737,12/6/2025,1144,2024,404,2,298.25,2,chicago
738,12/6/2025,1044,2062,401,0,1238.72,3,los angelos
739,12/6/2025,1014,2029,402,0,13.51,5,atlanta
740,12/6/2025,1134,2061,401,2,639.74,1,los angelos
741,12/6/2025,1157,2025,402,2,671.09,2,atlanta
742,12/6/2025,1183,2022,403,0,2684.72,4,philadelphia
743,12/6/2025,1005,2018,402,0,542.26,3,atlanta
744,12/6/2025,1134,2046,401,2,53.49,4,los angelos
745,12/6/2025,1180,2084,404,0,281.85,3,chicago
746,12/6/2025,1086,2038,403,1,1667.72,5,philadelphia
747,12/6/2025,1040,2093,404,3,755.94,6,chicago
748,12/6/2025,1166,2040,402,2,27.63,4,atlanta
749,12/6/2025,1057,2085,402,3,1452.9,5,atlanta
751,12/6/2025,1045,2093,401,3,2267.82,1,los angelos
752,12/6/2025,1197,2072,401,1,1513.08,2,los angelos
753,12/6/2025,1154,2040,402,0,69.08,6,atlanta
755,12/6/2025,1060,2044,403,1,934.11,0,philadelphia
756,12/6/2025,1162,2011,403,3,1229.22,3,philadelphia
757,12/6/2025,1002,2033,402,1,3010.5,2,atlanta
758,12/6/2025,1177,2008,403,2,159.82,1,philadelphia
759,12/6/2025,1027,2092,401,0,482.21,5,los angelos
760,12/6/2025,1098,2056,404,1,944.5,2,chicago
761,12/6/2025,1105,2063,404,2,2209.84,3,chicago
762,12/6/2025,1139,2048,401,3,357.63,5,los angelos
763,12/6/2025,1147,2083,402,1,691.34,1,atlanta
764,12/6/2025,1115,2009,401,2,53.05,2,los angelos
765,12/6/2025,1005,2040,403,0,103.62,4,philadelphia
766,12/6/2025,1018,2043,402,3,2620.35,3,atlanta
767,12/6/2025,1041,2093,401,0,755.94,4,los angelos
769,12/6/2025,1110,2083,402,3,768.16,5,atlanta
771,12/6/2025,1052,2024,404,2,298.25,4,chicago
772,12/6/2025,1169,2036,403,1,392.36,5,philadelphia
774,12/6/2025,1039,2006,403,0,198.0,1,philadelphia
775,12/6/2025,1109,2011,403,3,1638.96,2,philadelphia
776,12/6/2025,1051,2012,401,1,1121.74,6,los angelos
777,12/6/2025,1043,2081,403,0,746.22,1,philadelphia
778,12/6/2025,1121,2014,403,3,985.2,2,philadelphia
779,12/6/2025,1120,2062,403,0,2477.44,3,philadelphia
781,12/6/2025,1094,2048,403,1,321.87,1,philadelphia
782,12/6/2025,1114,2005,403,3,428.78,5,philadelphia
783,12/6/2025,1119,2033,402,2,1338.0,2,atlanta
784,12/6/2025,1144,2007,402,0,1166.78,3,atlanta
786,12/6/2025,1193,2075,402,0,1561.28,1,atlanta
788,12/6/2025,1146,2030,404,2,543.9,4,chicago
789,12/6/2025,1020,2050,401,1,168.1,3,los angelos
790,12/6/2025,1030,2096,404,1,3024.81,4,chicago
791,12/6/2025,1042,2027,402,1,232.75,3,atlanta
792,12/6/2025,1010,2054,401,3,900.51,5,los angelos
794,12/6/2025,1081,2093,401,0,755.94,4,los angelos
795,12/6/2025,1099,2071,404,2,984.26,5,chicago
797,12/6/2025,1179,2079,404,0,2851.62,1,chicago
798,12/6/2025,1106,2019,402,0,3735.72,2,atlanta
799,12/6/2025,1027,2072,401,2,672.48,6,los angelos
800,12/6/2025,1137,2044,404,2,830.32,1,chicago
801,12/6/2025,1098,2083,404,3,2304.48,2,chicago
802,12/6/2025,1009,2022,403,3,2684.72,3,philadelphia
803,12/6/2025,1036,2079,404,0,950.54,2,chicago
804,12/6/2025,1101,2042,402,0,335.22,1,atlanta
806,12/6/2025,1005,2043,403,2,2096.28,2,philadelphia
807,12/6/2025,1071,2062,401,1,557.42,3,los angelos
808,12/6/2025,1034,2038,404,2,2223.62,5,chicago
809,12/6/2025,1068,2093,404,0,2267.82,1,chicago
810,12/6/2025,1048,2056,402,3,524.72,2,atlanta
811,12/6/2025,1189,2062,403,0,1858.08,4,philadelphia
813,12/6/2025,1181,2064,404,1,264.64,4,chicago
815,12/6/2025,1049,2025,401,1,503.32,5,los angelos
816,12/6/2025,1008,2058,401,2,533.4,6,los angelos
817,12/6/2025,1180,2025,403,2,894.78,4,philadelphia
818,12/6/2025,1118,2064,404,0,882.12,5,chicago
819,12/6/2025,1174,2003,402,2,308.14,2,atlanta
820,12/6/2025,1125,2076,404,1,725.46,1,chicago
821,12/6/2025,1121,2075,403,2,2498.05,2,philadelphia
822,12/6/2025,1041,2033,401,2,669.0,6,los angelos
823,12/6/2025,1007,2049,401,1,845.86,1,los angelos
824,12/6/2025,1146,2099,402,1,581.69,2,atlanta
825,12/6/2025,1165,2028,402,2,1531.06,3,atlanta
826,12/6/2025,1166,2052,401,0,731.26,2,los angelos
827,12/6/2025,1121,2016,402,0,646.04,1,atlanta
828,12/6/2025,1057,2032,403,2,3782.4,5,philadelphia
829,12/6/2025,1108,2048,403,3,357.63,2,philadelphia
830,12/6/2025,1064,2027,404,2,413.78,3,chicago
831,12/6/2025,1173,2066,404,0,2580.3,5,chicago
832,12/6/2025,1001,2065,403,2,376.27,1,philadelphia
833,12/6/2025,1076,2087,401,3,796.6,2,los angelos
834,12/6/2025,1016,2043,403,2,2795.04,4,philadelphia
835,12/6/2025,1070,2033,403,1,752.62,3,philadelphia
836,12/6/2025,1038,2066,402,0,1032.12,4,atlanta
837,12/6/2025,1153,2051,403,1,316.76,0,philadelphia
838,12/6/2025,1184,2003,404,2,1848.86,5,chicago
840,12/6/2025,1188,2004,402,2,2967.2,4,atlanta
841,12/6/2025,1185,2091,402,3,3623.16,5,atlanta
842,12/6/2025,1171,2045,403,1,280.93,2,philadelphia
843,12/6/2025,1168,2071,402,2,1968.51,1,atlanta
844,12/6/2025,1024,2060,402,2,326.7,2,atlanta
846,12/6/2025,1167,2011,402,2,327.79,1,atlanta
847,12/6/2025,1057,2095,403,3,2453.95,2,philadelphia
848,12/6/2025,1084,2047,403,2,803.95,3,philadelphia
849,12/6/2025,1118,2015,404,0,4049.82,2,chicago
850,12/6/2025,1162,2074,401,3,659.5,1,los angelos
851,12/6/2025,1049,2064,401,3,882.12,5,los angelos
852,12/6/2025,1135,2038,404,0,926.51,2,chicago
853,12/6/2025,1038,2017,402,2,741.92,3,atlanta
854,12/6/2025,1104,2072,404,1,1134.81,5,chicago
855,12/6/2025,1080,2091,402,0,2717.37,1,atlanta
857,12/6/2025,1162,2007,401,3,583.39,4,los angelos
858,12/6/2025,1070,2026,402,1,190.4,3,atlanta
859,12/6/2025,1125,2097,401,1,3031.56,4,los angelos
860,12/6/2025,1157,2055,404,3,53.94,3,chicago
861,12/6/2025,1109,2061,404,0,799.68,5,chicago
863,12/6/2025,1003,2041,402,0,2412.63,4,atlanta
864,12/6/2025,1173,2000,402,1,872.38,5,atlanta
865,12/6/2025,1177,2044,403,1,373.64,2,philadelphia
866,12/6/2025,1026,2049,403,1,3383.42,1,philadelphia
867,12/6/2025,1016,2005,403,2,686.05,2,philadelphia
868,12/6/2025,1116,2093,403,3,755.94,6,philadelphia
869,12/6/2025,1175,2017,403,3,463.7,1,philadelphia
870,12/6/2025,1091,2096,402,1,1209.92,2,atlanta
871,12/6/2025,1103,2002,402,1,779.4,3,atlanta
872,12/6/2025,1186,2016,402,0,646.04,2,atlanta
873,12/6/2025,1150,2064,402,0,294.04,1,atlanta
874,12/6/2025,1093,2091,401,3,2717.37,5,los angelos
876,12/6/2025,1169,2013,401,0,935.36,3,los angelos
877,12/6/2025,1176,2014,404,3,1231.5,5,chicago
878,12/6/2025,1097,2015,403,3,2699.88,1,philadelphia
879,12/6/2025,1179,2019,402,0,1867.86,2,atlanta
880,12/6/2025,1077,2053,401,2,976.24,4,los angelos
881,12/6/2025,1159,2077,402,3,561.83,3,atlanta
882,12/6/2025,1026,2065,401,2,1881.36,4,los angelos
884,12/6/2025,1155,2025,403,1,503.32,5,philadelphia
885,12/6/2025,1091,2090,404,2,171.94,6,chicago
886,12/6/2025,1041,2005,404,1,385.9,4,chicago
887,12/6/2025,1176,2061,403,1,359.86,5,philadelphia
888,12/6/2025,1000,2001,401,0,1649.4,2,los angelos
889,12/6/2025,1146,2085,404,1,653.81,1,chicago
890,12/6/2025,1023,2099,401,0,1292.64,2,los angelos
891,12/6/2025,1065,2082,402,3,266.6,6,atlanta
892,12/6/2025,1075,2033,404,0,2508.75,1,chicago
893,12/6/2025,1025,2022,401,2,1073.89,2,los angelos
894,12/6/2025,1092,2086,403,3,894.1,3,philadelphia
897,12/6/2025,1091,2056,403,0,1049.44,5,philadelphia
899,12/6/2025,1102,2051,404,2,93.86,3,chicago
902,12/6/2025,1178,2092,401,1,867.98,2,los angelos
903,12/6/2025,1026,2053,404,3,1830.45,4,chicago
904,12/6/2025,1046,2078,404,2,454.43,3,chicago
905,12/6/2025,1156,2003,402,3,1925.9,4,atlanta
907,12/6/2025,1011,2008,403,2,106.54,5,philadelphia
908,12/6/2025,1003,2090,402,2,57.31,6,atlanta
909,12/6/2025,1132,2066,401,3,1548.18,4,los angelos
910,12/6/2025,1169,2093,402,3,755.94,5,atlanta
913,12/6/2025,1164,2020,404,3,1879.15,2,chicago
914,12/6/2025,1042,2009,404,2,53.05,6,chicago
915,12/6/2025,1061,2042,403,0,167.61,1,philadelphia
916,12/6/2025,1129,2028,404,3,2551.76,2,chicago
917,12/6/2025,1060,2010,404,3,544.88,3,chicago
918,12/6/2025,1146,2057,401,3,436.98,2,los angelos
919,12/6/2025,1114,2040,401,3,34.54,1,los angelos
920,12/6/2025,1190,2083,401,0,2304.48,5,los angelos
921,12/6/2025,1103,2052,401,0,2193.78,2,los angelos
922,12/6/2025,1023,2077,403,1,505.65,3,philadelphia
923,12/6/2025,1167,2085,404,2,387.44,5,chicago
924,12/6/2025,1093,2006,402,3,594.0,1,atlanta
925,12/6/2025,1084,2071,404,2,492.13,2,chicago
926,12/6/2025,1183,2057,401,0,873.96,4,los angelos
927,12/6/2025,1194,2084,402,0,563.7,3,atlanta
928,12/6/2025,1087,2045,403,2,499.42,4,philadelphia
929,12/6/2025,1179,2013,401,1,1683.65,3,los angelos
930,12/6/2025,1126,2017,404,0,927.4,5,chicago
931,12/6/2025,1065,2078,402,1,127.81,6,atlanta
932,12/6/2025,1030,2050,402,3,186.78,4,atlanta
933,12/6/2025,1005,2024,403,0,621.35,5,philadelphia
934,12/6/2025,1193,2053,401,0,1830.45,2,los angelos
935,12/6/2025,1197,2057,404,1,1179.85,1,chicago
936,12/6/2025,1127,2000,401,3,969.31,2,los angelos
937,12/6/2025,1149,2061,402,1,359.86,6,atlanta
938,12/6/2025,1187,2016,401,3,2584.16,1,los angelos
939,12/6/2025,1168,2076,403,3,2418.21,2,philadelphia
940,12/6/2025,1107,2077,402,2,898.93,3,atlanta
941,12/6/2025,1101,2043,403,3,3493.8,2,philadelphia
943,12/6/2025,1179,2070,403,1,61.52,5,philadelphia
944,12/6/2025,1051,2026,403,2,338.5,2,philadelphia
945,12/6/2025,1172,2016,402,2,516.83,3,atlanta
946,12/6/2025,1181,2014,403,3,246.3,5,philadelphia
947,12/6/2025,1149,2073,404,2,799.09,1,chicago
948,12/6/2025,1108,2001,401,0,412.35,2,los angelos
949,12/6/2025,1097,2018,401,0,1084.52,4,los angelos
950,1/12/2025,1051,2034,402,2,217.87,3,atlanta
951,1/12/2025,1174,2032,402,0,4728.0,4,atlanta
952,1/12/2025,1176,2037,402,0,720.28,3,atlanta
953,1/12/2025,1091,2057,401,1,786.56,5,los angelos
954,1/12/2025,1190,2082,404,1,239.94,6,chicago
955,1/12/2025,1130,2089,403,0,413.52,4,philadelphia
958,1/12/2025,1051,2079,404,1,1710.97,1,chicago
959,1/12/2025,1162,2090,403,1,257.9,2,philadelphia
960,1/12/2025,1198,2092,402,2,771.54,6,atlanta
961,1/12/2025,1114,2022,401,1,3020.31,1,los angelos
962,1/12/2025,1044,2094,401,3,493.35,2,los angelos
963,1/12/2025,1010,2054,403,2,720.41,3,philadelphia
964,1/12/2025,1033,2020,403,0,751.66,2,philadelphia
967,1/12/2025,1125,2073,403,0,1997.72,2,philadelphia
968,1/12/2025,1005,2090,403,1,193.43,3,philadelphia
969,1/12/2025,1047,2066,401,1,464.45,5,los angelos
970,1/12/2025,1106,2069,404,0,464.78,1,chicago
973,1/12/2025,1192,2079,404,0,950.54,3,chicago
974,1/12/2025,1029,2085,403,3,726.45,4,philadelphia
975,1/12/2025,1061,2082,402,0,533.2,3,atlanta
976,1/12/2025,1174,2041,404,0,804.21,5,chicago
978,1/12/2025,1132,2098,403,3,3631.44,4,philadelphia
979,1/12/2025,1124,2005,403,1,1157.71,5,philadelphia
980,1/12/2025,1082,2065,401,0,1411.02,2,los angelos
981,1/12/2025,1042,2098,401,0,4539.3,1,los angelos
982,1/12/2025,1053,2085,402,3,726.45,2,atlanta
983,1/12/2025,1026,2026,404,0,423.12,6,chicago
984,1/12/2025,1191,2087,402,0,477.96,1,atlanta
985,1/12/2025,1117,2091,403,0,1811.58,2,philadelphia
986,1/12/2025,1022,2009,401,1,119.36,3,los angelos
987,1/12/2025,1064,2071,401,1,1107.29,2,los angelos
988,1/12/2025,1066,2052,404,3,5118.82,1,chicago
989,1/12/2025,1161,2051,404,2,375.42,5,chicago
990,1/12/2025,1004,2049,401,0,939.84,2,los angelos
991,1/12/2025,1164,2092,401,0,2893.26,3,los angelos
992,1/12/2025,1179,2009,403,0,66.31,5,philadelphia
993,1/12/2025,1074,2087,403,0,477.96,1,philadelphia
994,1/12/2025,1072,2097,404,3,842.1,2,chicago
995,1/12/2025,1101,2084,401,3,1127.4,4,los angelos
996,1/12/2025,1040,2068,402,1,2952.86,3,atlanta
997,1/12/2025,1191,2050,403,1,504.31,4,philadelphia
998,1/12/2025,1076,2086,403,0,2682.3,3,philadelphia
999,1/12/2025,1141,2071,402,0,1230.32,5,atlanta
1000,1/12/2025,1010,2000,404,0,3877.24,6,chicago
1001,1/12/2025,1078,2026,403,1,761.62,4,philadelphia
1002,1/12/2025,1105,2082,402,1,239.94,5,atlanta
1003,1/12/2025,1047,2028,403,1,1148.29,2,philadelphia
1004,1/12/2025,1029,2023,401,3,2818.62,1,los angelos
1005,1/12/2025,1165,2070,401,2,54.69,2,los angelos
1006,1/12/2025,1171,2008,403,0,133.18,6,philadelphia
1007,1/12/2025,1050,2092,404,2,771.54,1,chicago
1008,1/12/2025,1091,2016,402,0,1292.08,2,atlanta
1009,1/12/2025,1072,2079,401,1,855.49,3,los angelos
1010,1/12/2025,1081,2062,404,2,495.49,2,chicago
1011,1/12/2025,1157,2084,403,1,253.67,1,philadelphia
1012,1/12/2025,1144,2072,403,2,672.48,5,philadelphia
1013,1/12/2025,1109,2021,401,2,668.33,2,los angelos
1014,1/12/2025,1063,2028,404,2,510.35,3,chicago
1015,1/12/2025,1092,2017,403,3,1854.8,5,philadelphia
1016,1/12/2025,1118,2057,403,2,699.17,1,philadelphia
1017,1/12/2025,1124,2070,401,1,30.76,2,los angelos
1018,1/12/2025,1165,2077,401,2,449.46,4,los angelos
1019,1/12/2025,1035,2068,402,2,1968.58,3,atlanta
1021,1/12/2025,1004,2064,401,3,882.12,3,los angelos
1022,1/12/2025,1196,2075,402,0,2341.92,5,atlanta
1024,1/12/2025,1093,2050,402,2,448.27,4,atlanta
1025,1/12/2025,1034,2059,401,3,1536.15,5,los angelos
1026,1/12/2025,1093,2064,401,1,793.91,2,los angelos
1027,1/12/2025,1157,2087,402,1,286.78,1,atlanta
1028,1/12/2025,1114,2020,402,1,676.49,2,atlanta
1029,1/12/2025,1188,2093,404,2,1814.26,6,chicago
1030,1/12/2025,1010,2028,404,1,1148.29,1,chicago
1031,1/12/2025,1016,2033,403,1,2257.88,2,philadelphia
1032,1/12/2025,1010,2085,402,2,387.44,3,atlanta
1034,1/12/2025,1010,2083,403,0,768.16,1,philadelphia
1035,1/12/2025,1180,2066,403,2,1238.54,5,philadelphia
1036,1/12/2025,1148,2069,402,3,697.17,2,atlanta
1037,1/12/2025,1167,2048,403,0,1072.89,3,philadelphia
1038,1/12/2025,1132,2032,404,1,851.04,5,chicago
1039,1/12/2025,1132,2051,403,2,187.71,1,philadelphia
1041,1/12/2025,1112,2021,402,0,835.41,4,atlanta
1042,1/12/2025,1131,2082,403,1,239.94,3,philadelphia
1044,1/12/2025,1154,2091,401,1,3260.84,3,los angelos
1045,1/12/2025,1106,2042,401,3,1173.27,5,los angelos
1046,1/12/2025,1172,2061,404,1,719.71,6,chicago
1047,1/12/2025,1151,2020,404,0,1127.49,4,chicago
1048,1/12/2025,1062,2005,402,1,385.9,5,atlanta
1049,1/12/2025,1034,2080,401,1,2996.14,2,los angelos
1050,1/12/2025,1014,2021,403,1,1503.74,1,philadelphia
1051,1/12/2025,1132,2051,401,2,281.57,2,los angelos
1052,1/12/2025,1021,2027,404,3,775.83,6,chicago
1054,1/12/2025,1153,2018,402,2,867.62,2,atlanta
1055,1/12/2025,1042,2092,403,3,1446.63,3,philadelphia
1056,1/12/2025,1152,2075,401,1,2107.73,2,los angelos
1057,1/12/2025,1096,2049,402,0,939.84,1,atlanta
1059,1/12/2025,1155,2012,402,3,623.19,2,atlanta
1061,1/12/2025,1023,2061,402,0,199.92,5,atlanta
1062,1/12/2025,1198,2086,404,3,894.1,1,chicago
1063,1/12/2025,1094,2005,404,1,771.8,2,chicago
1064,1/12/2025,1123,2098,404,2,3631.44,4,chicago
1065,1/12/2025,1150,2094,401,3,2466.75,3,los angelos
1066,1/12/2025,1034,2032,404,1,1702.08,4,chicago
1067,1/12/2025,1021,2036,404,2,348.77,3,chicago
1068,1/12/2025,1048,2000,401,0,4846.55,5,los angelos
1069,1/12/2025,1133,2000,404,1,872.38,6,chicago
1070,1/12/2025,1176,2040,404,2,55.26,4,chicago
1071,1/12/2025,1027,2019,404,2,747.14,5,chicago
1072,1/12/2025,1066,2068,404,2,1968.58,2,chicago
1075,1/12/2025,1094,2071,404,2,984.26,6,chicago
1076,1/12/2025,1078,2073,403,3,499.43,1,philadelphia
1077,1/12/2025,1188,2017,401,1,417.33,2,los angelos
1078,1/12/2025,1114,2089,402,0,827.04,3,atlanta
1079,1/12/2025,1054,2065,404,2,376.27,2,chicago
1080,1/12/2025,1140,2078,401,1,255.62,1,los angelos
1081,1/12/2025,1099,2081,401,0,1492.44,5,los angelos
1082,1/12/2025,1037,2060,404,0,1225.14,2,chicago
1083,1/12/2025,1016,2033,402,2,2007.0,3,atlanta
1084,1/12/2025,1020,2077,401,3,561.83,5,los angelos
1085,1/12/2025,1102,2078,403,0,142.01,1,philadelphia
1086,1/12/2025,1198,2022,404,3,671.18,2,chicago
1087,1/12/2025,1002,2025,403,1,503.32,4,philadelphia
1088,1/12/2025,1008,2076,402,1,1450.93,3,atlanta
1089,1/12/2025,1172,2004,403,1,834.52,4,philadelphia
1090,1/12/2025,1167,2000,402,0,969.31,3,atlanta
1091,1/12/2025,1070,2099,404,2,1551.17,5,chicago
1092,1/12/2025,1171,2050,404,1,168.1,6,chicago
1093,1/12/2025,1132,2001,401,0,2061.75,4,los angelos
1094,1/12/2025,1140,2036,403,2,348.77,5,philadelphia
1095,1/12/2025,1070,2028,402,3,2551.76,2,atlanta
1097,1/12/2025,1044,2052,401,0,2193.78,2,los angelos
1099,1/12/2025,1131,2032,403,3,4728.0,1,philadelphia
1100,1/12/2025,1096,2072,404,1,378.27,2,chicago
1101,1/12/2025,1193,2043,404,3,2620.35,3,chicago
1102,1/12/2025,1150,2003,404,0,1155.54,2,chicago
1103,1/12/2025,1066,2008,404,1,59.93,1,chicago
1105,1/12/2025,1105,2045,401,2,499.42,2,los angelos
1106,1/12/2025,1063,2036,401,3,653.94,3,los angelos
1107,1/12/2025,1172,2095,403,0,981.58,5,philadelphia
1109,1/12/2025,1090,2027,403,1,698.25,2,philadelphia
1110,1/12/2025,1191,2087,402,3,955.92,4,atlanta
1111,1/12/2025,1188,2025,402,1,251.66,3,atlanta
1112,1/12/2025,1067,2026,402,1,380.81,4,atlanta
1113,1/12/2025,1063,2079,403,1,1710.97,3,philadelphia
1114,1/12/2025,1199,2013,401,0,5612.16,5,los angelos
1115,1/12/2025,1173,2084,404,0,281.85,6,chicago
1116,1/12/2025,1195,2069,401,3,697.17,4,los angelos
1117,1/12/2025,1095,2079,403,3,950.54,5,philadelphia
1118,1/12/2025,1147,2035,404,1,809.99,2,chicago
1119,1/12/2025,1195,2065,403,3,1411.02,1,philadelphia
1121,1/12/2025,1134,2054,404,0,3602.04,6,chicago
1122,1/12/2025,1128,2044,404,1,373.64,1,chicago
1123,1/12/2025,1117,2015,404,2,1619.93,2,chicago
1124,1/12/2025,1176,2001,401,1,371.12,3,los angelos
1125,1/12/2025,1097,2074,401,2,527.6,2,los angelos
1126,1/12/2025,1092,2078,403,1,383.43,1,philadelphia
1127,1/12/2025,1140,2033,402,2,1338.0,5,atlanta
1128,5/24/2025,1120,2078,403,2,227.22,2,philadelphia
1130,5/24/2025,1107,2089,403,2,330.82,5,philadelphia
1131,5/24/2025,1102,2035,404,1,1619.98,1,chicago
1133,5/24/2025,1184,2034,402,3,680.85,4,atlanta
1134,5/24/2025,1097,2025,402,1,1258.29,3,atlanta
1137,5/24/2025,1076,2032,401,3,6619.2,5,los angelos
1139,5/24/2025,1055,2032,404,0,945.6,0,chicago
1141,5/24/2025,1092,2046,403,2,80.23,2,philadelphia
1142,5/24/2025,1005,2052,401,2,1170.02,1,los angelos
1143,5/24/2025,1173,2077,402,1,1516.94,2,atlanta
1144,5/24/2025,1199,2036,403,2,871.92,6,philadelphia
1145,5/24/2025,1172,2065,404,3,2822.04,1,chicago
1146,5/24/2025,1020,2048,403,3,1072.89,2,philadelphia
1147,5/24/2025,1161,2018,402,2,1301.42,3,atlanta
1148,5/24/2025,1107,2080,404,0,4993.56,2,chicago
1149,5/24/2025,1020,2020,403,1,1014.74,1,philadelphia
1150,5/24/2025,1080,2040,403,2,55.26,5,philadelphia
1151,5/24/2025,1154,2082,404,2,639.84,2,chicago
1152,5/24/2025,1113,2099,403,3,646.32,3,philadelphia
1153,5/24/2025,1105,2021,402,0,835.41,5,atlanta
1154,5/24/2025,1032,2093,402,2,2419.01,1,atlanta
1156,5/24/2025,1042,2050,401,0,1120.68,4,los angelos
1157,5/24/2025,1016,2060,401,0,816.76,3,los angelos
1158,5/24/2025,1197,2050,401,0,560.34,4,los angelos
1159,5/24/2025,1067,2079,402,0,1901.08,3,atlanta
1161,5/24/2025,1063,2094,403,3,493.35,6,philadelphia
1162,5/24/2025,1160,2016,402,1,1162.87,4,atlanta
1163,5/24/2025,1007,2004,403,2,2225.4,5,philadelphia
1164,5/24/2025,1121,2059,403,3,2048.2,2,philadelphia
1165,5/24/2025,1034,2089,402,3,2481.12,1,atlanta
1166,5/24/2025,1161,2095,404,2,392.63,2,chicago
1167,5/24/2025,1088,2061,402,0,799.68,6,atlanta
1168,5/24/2025,1113,2039,403,3,976.44,1,philadelphia
1169,5/24/2025,1066,2019,403,0,933.93,2,philadelphia
1170,5/24/2025,1000,2066,402,2,412.85,3,atlanta
1172,5/24/2025,1193,2061,403,0,199.92,1,philadelphia
1173,5/24/2025,1196,2055,403,1,194.18,5,philadelphia
1174,5/24/2025,1001,2070,403,1,61.52,2,philadelphia
1175,5/24/2025,1105,2071,404,3,615.16,3,chicago
1176,5/24/2025,1063,2020,404,3,375.83,5,chicago
1177,5/24/2025,1056,2033,401,3,836.25,1,los angelos
1178,5/24/2025,1160,2030,403,2,271.95,2,philadelphia
1179,5/24/2025,1166,2095,403,3,1472.37,4,philadelphia
1181,5/24/2025,1074,2014,404,3,738.9,4,chicago
1182,5/24/2025,1069,2089,404,1,372.17,3,chicago
1183,5/24/2025,1082,2002,402,0,1732.0,5,atlanta
1184,5/24/2025,1136,2002,402,0,1732.0,6,atlanta
1186,5/24/2025,1186,2001,402,0,824.7,5,atlanta
1188,5/24/2025,1087,2053,403,3,2440.6,1,philadelphia
1189,5/24/2025,1095,2059,401,2,1638.56,2,los angelos
1190,5/24/2025,1020,2096,402,0,2688.72,6,atlanta
1191,5/24/2025,1068,2099,404,0,1938.96,1,chicago
1192,5/24/2025,1139,2060,402,1,1102.63,2,atlanta
1193,5/24/2025,1064,2048,401,0,715.26,3,los angelos
1195,5/24/2025,1197,2056,402,0,1049.44,1,atlanta
1196,5/24/2025,1050,2058,401,1,1800.22,5,los angelos
1197,5/24/2025,1121,2049,403,2,751.87,2,philadelphia
1198,5/24/2025,1040,2080,401,0,1664.52,3,los angelos
1199,5/24/2025,1064,2061,403,1,179.93,5,philadelphia
1200,5/24/2025,1092,2006,402,0,198.0,1,atlanta
1201,5/24/2025,1060,2081,404,2,1193.95,2,chicago
1202,5/24/2025,1003,2021,403,0,2506.23,4,philadelphia
1203,5/24/2025,1101,2031,401,0,1130.6,3,los angelos
1205,5/24/2025,1095,2098,401,1,2451.22,3,los angelos
1206,5/24/2025,1040,2063,401,2,883.94,5,los angelos
1207,5/24/2025,1194,2080,401,0,1664.52,6,los angelos
1209,5/24/2025,1032,2062,402,2,1981.95,5,atlanta
1210,5/24/2025,1142,2082,403,3,799.8,2,philadelphia
1211,5/24/2025,1187,2024,401,3,372.81,1,los angelos
1212,5/24/2025,1091,2092,402,2,385.77,2,atlanta
1213,5/24/2025,1010,2062,404,2,990.98,6,chicago
1214,5/24/2025,1138,2089,404,1,744.34,1,chicago
1215,5/24/2025,1145,2023,403,2,1503.26,2,philadelphia
1216,5/24/2025,1187,2059,403,1,1843.38,3,philadelphia
1218,5/24/2025,1075,2033,403,3,836.25,1,philadelphia
1219,5/24/2025,1000,2099,404,1,2326.75,5,chicago
1222,5/24/2025,1048,2067,404,1,785.56,5,chicago
1224,5/24/2025,1164,2041,401,0,804.21,2,los angelos
1226,5/24/2025,1033,2022,401,1,604.06,3,los angelos
1227,5/24/2025,1027,2062,402,0,1238.72,4,atlanta
1228,5/24/2025,1008,2073,404,3,1498.29,3,chicago
1229,5/24/2025,1134,2079,403,0,950.54,5,philadelphia
1230,5/24/2025,1093,2028,401,0,1275.88,6,los angelos
1231,5/24/2025,1053,2083,404,0,2304.48,4,chicago
1233,5/24/2025,1142,2095,404,2,1177.9,2,chicago
1234,5/24/2025,1181,2007,403,0,583.39,1,philadelphia
1235,5/24/2025,1187,2009,403,0,265.24,2,philadelphia
1236,5/24/2025,1055,2066,401,0,2580.3,6,los angelos
1237,5/24/2025,1185,2029,404,1,12.16,1,chicago
1238,5/24/2025,1049,2067,402,1,261.86,2,atlanta
1239,5/24/2025,1142,2095,404,0,1963.16,3,chicago
1240,5/24/2025,1196,2081,403,3,746.22,2,philadelphia
1241,5/24/2025,1179,2085,404,0,242.15,1,chicago
1242,5/24/2025,1042,2023,404,2,2254.9,5,chicago
1243,5/24/2025,1168,2020,404,2,601.33,2,chicago
1245,5/24/2025,1105,2097,404,2,673.68,5,chicago
1246,5/24/2025,1155,2030,402,3,509.91,1,atlanta
1247,5/24/2025,1196,2070,403,2,27.34,2,philadelphia
1248,5/24/2025,1115,2057,404,0,1747.92,4,chicago
1249,5/24/2025,1185,2004,403,0,2781.75,3,philadelphia
1251,5/24/2025,1076,2028,402,2,1020.7,3,atlanta
1252,5/24/2025,1005,2098,403,1,3268.3,5,philadelphia
1253,5/24/2025,1024,2004,404,2,1483.6,6,chicago
1254,5/24/2025,1039,2017,403,2,370.96,4,philadelphia
1255,5/24/2025,1149,2031,402,2,904.48,5,atlanta
1256,5/24/2025,1076,2011,404,1,737.53,2,chicago
1257,5/24/2025,1187,2009,403,3,198.93,1,philadelphia
1258,5/24/2025,1044,2062,401,2,495.49,2,los angelos
1260,5/24/2025,1199,2007,403,2,1400.14,1,philadelphia
1261,5/24/2025,1111,2053,401,1,3294.81,2,los angelos
1262,5/24/2025,1191,2083,401,3,768.16,3,los angelos
1263,5/24/2025,1013,2039,401,2,1562.3,2,los angelos
1264,5/24/2025,1138,2072,402,2,672.48,1,atlanta
1265,5/24/2025,1128,2089,402,1,744.34,5,atlanta
1266,5/24/2025,1012,2086,404,3,2682.3,2,chicago
1267,5/24/2025,1192,2076,401,1,1450.93,3,los angelos
1268,5/24/2025,1110,2037,404,1,324.13,5,chicago
1269,5/24/2025,1033,2043,401,3,4367.25,1,los angelos
1270,5/24/2025,1146,2095,401,3,1963.16,2,los angelos
1272,5/24/2025,1198,2089,402,1,744.34,3,atlanta
1273,5/24/2025,1123,2071,402,3,1845.48,4,atlanta
1274,5/24/2025,1101,2083,402,1,2074.03,3,atlanta
1275,5/24/2025,1062,2009,403,3,66.31,5,philadelphia
1276,5/24/2025,1082,2087,401,0,318.64,6,los angelos
1278,5/24/2025,1089,2024,403,2,298.25,5,philadelphia
1279,5/24/2025,1152,2083,401,2,1843.58,2,los angelos
1280,5/24/2025,1043,2044,404,1,373.64,1,chicago
1282,5/24/2025,1175,2047,402,0,1004.94,6,atlanta
1283,5/24/2025,1028,2094,401,1,888.03,1,los angelos
1284,5/24/2025,1158,2018,403,0,2169.04,2,philadelphia
1285,5/24/2025,1087,2088,401,2,567.48,3,los angelos
1286,5/24/2025,1115,2060,401,2,980.11,2,los angelos
1287,8/2/2025,1053,2094,402,1,888.03,1,atlanta
1288,8/2/2025,1139,2066,403,3,2580.3,5,philadelphia
1290,8/2/2025,1096,2074,401,2,1055.2,3,los angelos
1291,8/2/2025,1043,2007,403,1,525.05,5,philadelphia
1292,8/2/2025,1178,2079,403,0,950.54,1,philadelphia
1293,8/2/2025,1119,2083,401,0,768.16,2,los angelos
1295,8/2/2025,1027,2002,403,3,866.0,3,philadelphia
1296,8/2/2025,1059,2048,401,2,572.21,4,los angelos
1297,8/2/2025,1124,2076,401,1,2176.39,3,los angelos
1298,8/2/2025,1050,2064,404,0,1470.2,5,chicago
1299,8/2/2025,1010,2031,403,2,1356.72,6,philadelphia
1300,8/2/2025,1125,2050,402,0,373.56,4,atlanta
1301,8/2/2025,1088,2087,403,2,509.82,5,philadelphia
1302,8/2/2025,1160,2038,402,2,2223.62,2,atlanta
1303,8/2/2025,1015,2080,403,3,2496.78,1,philadelphia
1304,8/2/2025,1007,2071,403,1,553.64,2,philadelphia
1305,8/2/2025,1038,2043,404,1,786.1,6,chicago
1306,8/2/2025,1022,2093,404,1,2721.38,1,chicago
1307,8/2/2025,1106,2030,402,3,1019.82,2,atlanta
1308,8/2/2025,1079,2077,403,3,561.83,3,philadelphia
1309,8/2/2025,1138,2016,402,1,872.15,2,atlanta
1310,8/2/2025,1148,2069,402,1,418.3,1,atlanta
1311,8/2/2025,1079,2088,402,3,709.35,5,atlanta
1312,8/2/2025,1197,2018,402,2,867.62,2,atlanta
1313,8/2/2025,1017,2071,401,1,553.64,3,los angelos
1314,8/2/2025,1081,2018,401,2,867.62,5,los angelos
1315,8/2/2025,1105,2052,403,3,731.26,1,philadelphia
1317,8/2/2025,1199,2024,401,1,223.69,4,los angelos
1318,8/2/2025,1047,2003,403,1,346.66,3,philadelphia
1319,8/2/2025,1152,2029,402,0,27.02,4,atlanta
1320,8/2/2025,1091,2010,404,1,210.17,3,chicago
1323,8/2/2025,1035,2020,402,1,676.49,4,atlanta
1324,8/2/2025,1008,2052,401,2,585.01,5,los angelos
1325,8/2/2025,1105,2028,402,1,1148.29,2,atlanta
1326,8/2/2025,1016,2022,404,3,2684.72,1,chicago
1327,8/2/2025,1176,2041,404,1,1447.58,2,chicago
1328,8/2/2025,1109,2051,401,3,469.28,6,los angelos
1329,8/2/2025,1184,2040,404,0,103.62,1,chicago
1330,8/2/2025,1133,2013,404,3,3741.44,2,chicago
1331,8/2/2025,1010,2031,404,0,1130.6,3,chicago
1333,8/2/2025,1074,2056,404,2,839.55,1,chicago
1334,8/2/2025,1198,2036,404,1,392.36,5,chicago
1335,8/2/2025,1108,2037,401,1,648.25,2,los angelos
1336,8/2/2025,1118,2082,404,0,799.8,3,chicago
1337,8/2/2025,1184,2064,401,1,264.64,5,los angelos
1338,8/2/2025,1199,2074,402,3,1978.5,1,atlanta
1341,8/2/2025,1023,2032,403,1,1702.08,3,philadelphia
1342,8/2/2025,1183,2093,401,0,2267.82,4,los angelos
1343,8/2/2025,1029,2090,404,2,57.31,3,chicago
1344,8/2/2025,1021,2067,404,1,261.86,5,chicago
1345,8/2/2025,1096,2070,404,0,136.72,6,chicago
1346,8/2/2025,1196,2021,403,1,751.87,4,philadelphia
1347,8/2/2025,1041,2018,402,0,1084.52,5,atlanta
1349,8/2/2025,1073,2080,402,0,3329.04,1,atlanta
1350,8/2/2025,1033,2025,401,2,671.09,2,los angelos
1351,8/2/2025,1003,2058,404,3,2000.25,6,chicago
1352,8/2/2025,1139,2000,404,1,1744.76,1,chicago
1353,8/2/2025,1055,2075,404,3,3122.56,2,chicago
1354,8/2/2025,1104,2056,401,0,1574.16,3,los angelos
1355,8/2/2025,1062,2070,403,1,30.76,2,philadelphia
1356,8/2/2025,1012,2023,402,0,2818.62,1,atlanta
1357,8/2/2025,1167,2044,401,1,560.47,5,los angelos
1359,8/2/2025,1022,2006,401,3,990.0,3,los angelos
1360,8/2/2025,1045,2020,403,1,1352.99,5,philadelphia
1361,8/2/2025,1116,2095,403,0,981.58,1,philadelphia
1362,8/2/2025,1023,2098,403,2,1452.58,2,philadelphia
1363,8/2/2025,1094,2048,401,3,1072.89,4,los angelos
1365,8/2/2025,1034,2015,403,2,1079.95,4,philadelphia
1366,8/2/2025,1134,2052,402,1,1316.27,3,atlanta
1367,8/2/2025,1156,2007,401,0,1750.17,5,los angelos
1369,8/2/2025,1155,2040,403,2,27.63,4,philadelphia
1370,8/2/2025,1033,2078,404,3,568.04,5,chicago
1371,8/2/2025,1126,2023,402,2,2254.9,2,atlanta
1372,8/2/2025,1049,2000,401,0,3877.24,1,los angelos
1374,8/2/2025,1157,2053,404,0,1830.45,6,chicago
1375,8/2/2025,1085,2044,402,0,207.58,1,atlanta
1376,8/2/2025,1163,2025,403,2,447.39,2,philadelphia
1377,8/2/2025,1017,2039,403,2,3905.76,3,philadelphia
1379,8/2/2025,1087,2050,401,1,168.1,1,los angelos
1380,8/2/2025,1049,2042,403,3,670.44,5,philadelphia
1381,8/2/2025,1121,2004,402,3,3709.0,2,atlanta
1382,8/2/2025,1039,2080,404,2,665.81,3,chicago
1384,8/2/2025,1144,2092,403,0,1446.63,1,philadelphia
1385,8/2/2025,1053,2073,403,2,1198.63,2,philadelphia
1387,8/2/2025,1086,2048,402,3,1072.89,3,atlanta
1389,8/2/2025,1180,2040,401,2,110.53,3,los angelos
1391,8/2/2025,1095,2057,403,1,786.56,6,philadelphia
1392,8/2/2025,1134,2038,402,0,926.51,4,atlanta
1394,8/2/2025,1113,2064,401,3,294.04,2,los angelos
1395,8/2/2025,1128,2019,402,2,1494.29,1,atlanta
1396,8/2/2025,1123,2093,403,2,3023.76,2,philadelphia
1397,8/2/2025,1036,2098,401,1,817.07,6,los angelos
1398,8/2/2025,1052,2092,401,3,1928.84,1,los angelos
1399,8/2/2025,1099,2091,401,0,905.79,2,los angelos
1400,8/2/2025,1079,2005,401,2,1715.12,3,los angelos
1401,8/2/2025,1119,2005,401,2,686.05,2,los angelos
1403,8/2/2025,1082,2025,402,2,223.7,5,atlanta
1404,8/2/2025,1070,2068,403,3,2460.72,2,philadelphia
1407,8/2/2025,1159,2071,401,1,1660.93,1,los angelos
1410,8/2/2025,1043,2009,403,2,106.1,3,philadelphia
1411,8/2/2025,1138,2056,401,1,944.5,4,los angelos
1412,8/2/2025,1007,2060,401,0,816.76,3,los angelos
1413,8/2/2025,1098,2006,401,3,990.0,5,los angelos
1414,8/2/2025,1100,2022,404,2,1610.83,6,chicago
1415,8/2/2025,1079,2042,402,0,167.61,4,atlanta
1416,8/2/2025,1193,2097,404,1,2273.67,5,chicago
1417,8/2/2025,1023,2089,404,0,413.52,2,chicago
1418,8/2/2025,1116,2039,404,3,3905.76,1,chicago
1419,8/2/2025,1059,2028,402,2,1531.06,2,atlanta
1420,8/2/2025,1093,2050,402,2,298.85,6,atlanta
1421,8/2/2025,1083,2058,404,0,2000.25,1,chicago
1422,8/2/2025,1016,2060,401,2,653.41,2,los angelos
1423,6/16/2025,1122,2059,402,2,1228.92,3,atlanta
1424,6/16/2025,1196,2044,402,0,207.58,2,atlanta
1425,6/16/2025,1103,2091,401,2,2173.9,1,los angelos
1426,6/16/2025,1142,2083,401,2,1229.06,5,los angelos
1427,6/16/2025,1136,2059,404,3,2560.25,2,chicago
1428,6/16/2025,1061,2079,402,1,2566.46,3,atlanta
1429,6/16/2025,1123,2049,401,2,751.87,5,los angelos
1430,6/16/2025,1053,2088,404,3,709.35,1,chicago
1431,6/16/2025,1145,2043,402,1,1572.21,2,atlanta
1432,6/16/2025,1169,2085,401,3,1210.75,4,los angelos
1433,6/16/2025,1029,2075,404,2,1249.02,3,chicago
1434,6/16/2025,1142,2012,404,1,1682.61,4,chicago
1435,6/16/2025,1078,2051,401,0,117.32,3,los angelos
1436,6/16/2025,1175,2076,404,2,1289.71,5,chicago
1437,6/16/2025,1126,2082,401,0,1066.4,6,los angelos
1438,6/16/2025,1055,2017,401,1,1669.32,4,los angelos
1439,6/16/2025,1169,2019,404,2,747.14,5,chicago
1440,6/16/2025,1099,2078,404,1,383.43,2,chicago
1442,6/16/2025,1145,2086,403,3,2682.3,2,philadelphia
1443,6/16/2025,1183,2044,401,0,1037.9,6,los angelos
1444,6/16/2025,1156,2065,404,1,423.31,1,chicago
1445,6/16/2025,1075,2007,403,0,1166.78,2,philadelphia
1446,6/16/2025,1000,2090,403,0,143.28,3,philadelphia
1448,6/16/2025,1179,2075,404,2,1873.54,1,chicago
1449,6/16/2025,1182,2048,404,3,357.63,5,chicago
1450,6/16/2025,1111,2069,402,1,836.6,2,atlanta
1451,6/16/2025,1121,2017,402,3,2782.2,3,atlanta
1452,6/16/2025,1092,2053,402,2,1464.36,5,atlanta
1453,6/16/2025,1171,2016,402,0,646.04,1,atlanta
1455,6/16/2025,1184,2062,404,1,1672.27,4,chicago
1456,6/16/2025,1021,2017,404,3,463.7,3,chicago
1457,6/16/2025,1178,2077,404,1,505.65,4,chicago
1458,6/16/2025,1116,2065,404,3,470.34,3,chicago
1459,6/16/2025,1098,2045,402,1,280.93,5,atlanta
1460,6/16/2025,1108,2077,401,3,1685.49,6,los angelos
1461,6/16/2025,1187,2030,403,3,509.91,4,philadelphia
1462,6/16/2025,1139,2073,403,0,499.43,5,philadelphia
1464,6/16/2025,1028,2074,404,0,3297.5,1,chicago
1467,6/16/2025,1120,2080,401,2,665.81,1,los angelos
1468,6/16/2025,1156,2006,403,0,198.0,2,philadelphia
1469,6/16/2025,1120,2058,404,2,1600.2,3,chicago
1470,6/16/2025,1107,2045,403,2,249.71,2,philadelphia
1472,6/16/2025,1015,2080,404,1,749.03,5,chicago
1473,6/16/2025,1146,2006,403,0,792.0,2,philadelphia
1474,6/16/2025,1073,2062,401,1,1114.85,3,los angelos
1476,6/16/2025,1033,2078,403,2,340.82,1,philadelphia
1477,6/16/2025,1065,2001,401,1,371.12,2,los angelos
1478,6/16/2025,1151,2094,402,3,493.35,4,atlanta
1480,6/16/2025,1124,2023,401,2,2254.9,4,los angelos
1481,6/16/2025,1021,2018,402,3,542.26,3,atlanta
1483,6/16/2025,1169,2056,402,1,944.5,6,atlanta
1484,6/16/2025,1147,2093,403,0,2267.82,4,philadelphia
1485,6/16/2025,1164,2033,401,0,836.25,5,los angelos
1486,6/16/2025,1042,2059,404,3,3072.3,2,chicago
1487,6/16/2025,1077,2060,402,3,1633.52,1,atlanta
1488,6/16/2025,1174,2090,404,3,286.56,2,chicago
1489,6/16/2025,1067,2018,404,0,2169.04,6,chicago
1490,6/16/2025,1073,2057,404,2,349.58,1,chicago
1491,6/16/2025,1135,2087,401,0,318.64,2,los angelos
1492,6/16/2025,1136,2081,403,3,2238.66,3,philadelphia
1493,6/16/2025,1156,2083,403,2,1229.06,2,philadelphia
1494,6/16/2025,1069,2034,401,2,217.87,1,los angelos
1495,6/16/2025,1167,2074,404,3,2638.0,5,chicago
1496,6/16/2025,1197,2086,402,1,2414.07,2,atlanta
1497,6/16/2025,1133,2043,402,2,1397.52,3,atlanta
1498,6/16/2025,1140,2001,401,0,1237.05,5,los angelos
1499,6/16/2025,1003,2052,401,0,731.26,1,los angelos
1500,6/16/2025,1175,2057,403,1,1179.85,2,philadelphia
1501,6/16/2025,1185,2036,403,1,980.91,4,philadelphia
1503,6/16/2025,1152,2084,402,0,281.85,4,atlanta
1504,6/16/2025,1181,2015,401,1,1214.95,3,los angelos
1506,6/16/2025,1178,2023,403,2,1503.26,6,philadelphia
1508,6/16/2025,1070,2098,404,2,1452.58,5,chicago
1509,6/16/2025,1065,2020,401,2,300.66,2,los angelos
1510,6/16/2025,1198,2007,404,3,2333.56,1,chicago
1511,6/16/2025,1085,2007,403,2,933.42,2,philadelphia
1512,6/16/2025,1045,2056,401,3,3148.32,6,los angelos
1513,6/16/2025,1051,2078,404,1,383.43,1,chicago
1514,6/16/2025,1165,2062,401,1,557.42,2,los angelos
1515,6/16/2025,1138,2098,404,1,817.07,3,chicago
1516,6/16/2025,1157,2082,401,3,1066.4,2,los angelos
1519,6/16/2025,1004,2063,402,0,552.46,2,atlanta
1520,6/16/2025,1009,2085,404,2,193.72,3,chicago
1521,6/16/2025,1038,2089,403,3,1240.56,5,philadelphia
1522,6/16/2025,1147,2000,404,3,4846.55,1,chicago
1523,6/16/2025,1111,2051,401,1,211.18,2,los angelos
1524,6/16/2025,1000,2049,404,0,5639.04,4,chicago
1525,6/16/2025,1145,2068,403,2,656.19,3,philadelphia
1526,6/16/2025,1174,2038,404,0,1853.02,4,chicago
1527,6/16/2025,1161,2082,401,2,213.28,3,los angelos
1528,6/16/2025,1136,2043,401,3,3493.8,5,los angelos
1529,6/16/2025,1194,2098,403,1,2451.22,6,philadelphia
1530,6/16/2025,1045,2070,401,3,102.54,4,los angelos
1531,6/16/2025,1169,2024,403,3,621.35,5,philadelphia
1532,6/16/2025,1027,2080,403,3,2496.78,2,philadelphia
1533,6/16/2025,1021,2080,404,1,2247.1,1,chicago
1534,6/16/2025,1035,2004,402,0,1854.5,2,atlanta
1535,6/16/2025,1184,2075,402,3,2341.92,6,atlanta
1536,6/16/2025,1099,2008,403,3,66.59,1,philadelphia
1537,6/16/2025,1136,2057,401,0,1310.94,2,los angelos
1538,6/16/2025,1086,2007,403,0,1750.17,3,philadelphia
1539,6/16/2025,1103,2015,402,3,2024.91,2,atlanta
1541,6/16/2025,1018,2004,402,3,927.25,5,atlanta
1542,6/16/2025,1167,2002,404,0,866.0,2,chicago
1543,6/16/2025,1062,2089,402,0,2067.6,3,atlanta
1544,6/16/2025,1044,2080,401,2,665.81,5,los angelos
1545,6/16/2025,1024,2058,402,0,2000.25,1,atlanta
1546,6/16/2025,1027,2014,404,1,443.34,2,chicago
1547,6/16/2025,1016,2025,404,2,671.09,4,chicago
1548,6/16/2025,1188,2086,404,2,2861.12,3,chicago
1549,6/16/2025,1030,2087,402,2,382.37,4,atlanta
1550,6/16/2025,1054,2097,401,1,2273.67,3,los angelos
1551,6/16/2025,1085,2008,401,2,106.54,5,los angelos
1552,6/16/2025,1036,2096,404,1,1814.89,6,chicago
1553,6/16/2025,1178,2047,402,3,1004.94,4,atlanta
1554,6/16/2025,1062,2074,401,1,1187.1,5,los angelos
1555,6/16/2025,1025,2080,404,1,3745.17,2,chicago
1556,6/16/2025,1004,2062,401,0,2477.44,1,los angelos
1557,6/16/2025,1001,2022,401,2,536.94,2,los angelos
1558,6/16/2025,1106,2088,404,1,1276.83,6,chicago
1559,6/16/2025,1052,2018,403,3,2169.04,1,philadelphia
1560,6/16/2025,1105,2030,402,0,339.94,2,atlanta
1561,6/16/2025,1152,2023,404,0,1879.08,3,chicago
1563,6/16/2025,1001,2071,402,1,1660.93,1,atlanta
1564,6/16/2025,1030,2067,401,2,465.52,5,los angelos
1565,6/16/2025,1194,2069,402,3,929.56,2,atlanta
1566,6/16/2025,1197,2080,402,2,1331.62,3,atlanta
1567,6/16/2025,1013,2024,401,1,335.53,5,los angelos
1568,6/16/2025,1175,2060,404,1,735.08,1,chicago
1569,6/16/2025,1040,2085,401,0,484.3,2,los angelos
1570,6/16/2025,1165,2046,403,1,60.17,4,philadelphia
1571,6/16/2025,1111,2032,403,3,3782.4,3,philadelphia
1572,6/16/2025,1011,2013,401,1,1683.65,4,los angelos
1573,6/16/2025,1040,2003,404,0,385.18,3,chicago
1574,6/16/2025,1018,2030,404,2,135.98,5,chicago
1575,6/16/2025,1107,2025,403,1,754.97,6,philadelphia
1578,6/16/2025,1096,2028,401,3,2551.76,2,los angelos
1579,6/16/2025,1149,2062,401,3,1858.08,1,los angelos
1580,6/16/2025,1037,2027,404,1,465.5,2,chicago
1582,6/16/2025,1184,2024,403,2,198.83,1,philadelphia
1583,6/16/2025,1051,2042,402,0,167.61,2,atlanta
1584,6/16/2025,1177,2072,401,2,672.48,3,los angelos
1585,6/16/2025,1034,2014,404,3,985.2,2,chicago
1586,6/16/2025,1107,2021,403,1,751.87,1,philadelphia
1587,6/16/2025,1075,2077,402,1,2528.24,5,atlanta
1588,6/16/2025,1147,2070,402,0,34.18,2,atlanta
1589,6/16/2025,1105,2066,404,1,928.91,3,chicago
1590,6/16/2025,1151,2060,404,2,653.41,5,chicago
1591,6/16/2025,1003,2093,404,1,680.35,1,chicago
1592,6/16/2025,1063,2041,404,1,2171.37,2,chicago
1593,6/16/2025,1151,2019,401,3,933.93,4,los angelos
1594,6/16/2025,1011,2005,404,0,428.78,3,chicago
1595,6/16/2025,1108,2067,404,3,290.95,4,chicago
1596,6/16/2025,1178,2012,404,3,623.19,3,chicago
1597,6/16/2025,1061,2010,401,3,389.2,5,los angelos
1599,6/16/2025,1061,2082,401,0,266.6,4,los angelos
1600,6/16/2025,1122,2085,403,1,217.94,5,philadelphia
1601,6/16/2025,1180,2058,401,3,666.75,2,los angelos
1602,6/16/2025,1118,2098,402,3,907.86,1,atlanta
1603,6/16/2025,1047,2047,404,0,334.98,2,chicago
1605,4/9/2025,1135,2004,403,3,3709.0,1,philadelphia
1607,4/9/2025,1158,2042,401,2,402.26,3,los angelos
1608,4/9/2025,1013,2014,404,2,197.04,2,chicago
1609,4/9/2025,1119,2079,401,2,4562.59,1,los angelos
1610,4/9/2025,1093,2022,401,1,604.06,5,los angelos
1611,4/9/2025,1035,2042,402,0,335.22,2,atlanta
1612,4/9/2025,1166,2061,402,1,179.93,3,atlanta
1613,4/9/2025,1082,2045,403,3,312.14,5,philadelphia
1614,4/9/2025,1070,2006,401,2,633.6,1,los angelos
1615,4/9/2025,1088,2057,404,0,436.98,2,chicago
1616,4/9/2025,1120,2090,403,3,214.92,4,philadelphia
1617,4/9/2025,1158,2047,401,1,904.45,3,los angelos
1619,4/9/2025,1045,2036,401,0,217.98,3,los angelos
1620,4/9/2025,1042,2035,401,1,809.99,5,los angelos
1621,4/9/2025,1127,2019,402,0,933.93,6,atlanta
1622,4/9/2025,1075,2053,402,3,2440.6,4,atlanta
1623,4/9/2025,1088,2053,404,0,610.15,5,chicago
1624,4/9/2025,1074,2024,401,0,248.54,2,los angelos
1625,4/9/2025,1059,2066,403,3,2064.24,1,philadelphia
1626,4/9/2025,1148,2043,403,3,873.45,2,philadelphia
1627,4/9/2025,1151,2085,404,3,726.45,6,chicago
1628,4/9/2025,1077,2072,402,2,1008.72,1,atlanta
1629,4/9/2025,1043,2033,402,3,836.25,2,atlanta
1630,4/9/2025,1095,2036,401,1,392.36,3,los angelos
1631,4/9/2025,1090,2036,404,1,588.55,2,chicago
1632,4/9/2025,1158,2020,403,1,676.49,1,philadelphia
1634,4/9/2025,1060,2014,401,2,591.12,2,los angelos
1635,4/9/2025,1147,2016,404,2,516.83,3,chicago
1636,4/9/2025,1094,2023,402,0,1879.08,5,atlanta
1638,4/9/2025,1095,2057,402,2,349.58,2,atlanta
1640,4/9/2025,1196,2018,404,2,433.81,3,chicago
1641,4/9/2025,1039,2000,403,2,775.45,4,philadelphia
1642,4/9/2025,1121,2037,402,3,1080.42,3,atlanta
1643,4/9/2025,1086,2088,401,3,2837.4,5,los angelos
1644,4/9/2025,1010,2017,401,2,1112.88,6,los angelos
1645,4/9/2025,1006,2051,402,3,351.96,4,atlanta
1646,4/9/2025,1091,2011,403,0,819.48,5,philadelphia
1647,4/9/2025,1155,2082,402,1,959.76,2,atlanta
1648,4/9/2025,1005,2098,403,1,817.07,1,philadelphia
1649,4/9/2025,1005,2010,404,0,233.52,2,chicago
1650,4/9/2025,1131,2050,402,3,747.12,6,atlanta
1651,4/9/2025,1081,2077,401,2,1797.86,1,los angelos
1652,4/9/2025,1101,2018,404,2,867.62,2,chicago
1653,4/9/2025,1098,2047,401,2,1071.94,3,los angelos
1654,4/9/2025,1088,2044,403,3,830.32,2,philadelphia
1655,4/9/2025,1143,2011,402,3,1229.22,1,atlanta
1656,4/9/2025,1189,2053,404,2,1464.36,5,chicago
1657,4/9/2025,1041,2093,404,3,2267.82,2,chicago
1658,4/9/2025,1035,2075,401,1,1405.15,3,los angelos
1659,4/9/2025,1053,2038,404,2,2964.83,5,chicago
1660,4/9/2025,1016,2075,404,0,3122.56,1,chicago
1661,4/9/2025,1001,2052,403,3,731.26,2,philadelphia
1662,4/9/2025,1044,2071,404,1,553.64,4,chicago
1664,4/9/2025,1141,2062,401,2,1486.46,4,los angelos
1665,4/9/2025,1149,2038,404,3,926.51,3,chicago
1666,4/9/2025,1057,2003,401,1,2079.97,5,los angelos
1667,4/9/2025,1067,2038,404,0,926.51,6,chicago
1668,4/9/2025,1167,2085,403,3,242.15,4,philadelphia
1669,4/9/2025,1045,2062,402,0,1858.08,5,atlanta
1670,4/9/2025,1030,2097,403,3,3368.4,2,philadelphia
1672,4/9/2025,1144,2055,403,3,161.82,2,philadelphia
1673,4/9/2025,1177,2015,403,0,674.97,6,philadelphia
1674,4/9/2025,1066,2020,401,1,1014.74,1,los angelos
1675,4/9/2025,1081,2059,402,2,409.64,2,atlanta
1676,4/9/2025,1041,2006,403,2,475.2,3,philadelphia
1677,4/9/2025,1107,2081,403,0,3731.1,2,philadelphia
1679,4/9/2025,1196,2080,402,0,832.26,5,atlanta
1680,4/9/2025,1153,2096,402,2,1075.49,2,atlanta
1681,4/9/2025,1080,2087,403,2,127.46,3,philadelphia
1682,4/9/2025,1175,2089,403,0,2067.6,5,philadelphia
1683,4/9/2025,1136,2074,403,1,593.55,1,philadelphia
1684,4/9/2025,1003,2017,403,2,1112.88,2,philadelphia
1685,4/9/2025,1199,2062,404,2,990.98,4,chicago
1686,4/9/2025,1041,2013,402,1,1683.65,3,atlanta
1688,4/9/2025,1106,2058,401,0,1333.5,3,los angelos
1689,4/9/2025,1033,2002,404,2,1385.6,5,chicago
1690,4/9/2025,1079,2088,403,1,2553.66,6,philadelphia
1692,4/9/2025,1181,2038,401,0,2779.53,5,los angelos
1693,4/9/2025,1056,2016,402,1,872.15,2,atlanta
1694,4/9/2025,1078,2016,402,1,872.15,1,atlanta
1695,4/9/2025,1020,2054,401,0,1801.02,2,los angelos
1697,4/9/2025,1010,2025,401,0,559.24,1,los angelos
1698,4/9/2025,1168,2065,401,3,1411.02,2,los angelos
1699,4/9/2025,1030,2032,401,0,945.6,3,los angelos
1702,4/9/2025,1047,2085,403,0,242.15,5,philadelphia
1704,4/9/2025,1090,2020,402,0,751.66,3,atlanta
1705,4/9/2025,1025,2074,401,1,593.55,5,los angelos
1706,4/9/2025,1183,2024,403,1,335.53,1,philadelphia
1707,4/9/2025,1193,2068,401,0,820.24,2,los angelos
1708,4/9/2025,1054,2064,404,2,235.23,4,chicago
1709,4/9/2025,1178,2075,402,3,5464.48,3,atlanta
1710,4/9/2025,1172,2013,402,2,2244.86,4,atlanta
1711,4/9/2025,1097,2054,402,1,810.46,3,atlanta
1712,4/9/2025,1104,2014,403,0,246.3,5,philadelphia
1713,4/9/2025,1119,2014,402,3,1231.5,6,atlanta
1714,4/9/2025,1195,2046,403,0,100.29,4,philadelphia
1717,4/9/2025,1175,2056,402,3,2098.88,1,atlanta
1718,4/9/2025,1074,2054,402,0,2701.53,2,atlanta
1719,4/9/2025,1121,2086,403,1,3218.76,6,philadelphia
1720,4/9/2025,1003,2086,404,0,1788.2,1,chicago
1721,4/9/2025,1101,2056,401,0,524.72,2,los angelos
1722,4/9/2025,1036,2050,404,0,747.12,3,chicago
1723,4/9/2025,1189,2021,401,2,1336.66,2,los angelos
1724,4/9/2025,1050,2043,402,3,873.45,1,atlanta
1725,4/9/2025,1031,2029,404,3,40.53,5,chicago
1726,4/9/2025,1071,2097,403,3,2526.3,2,philadelphia
1727,4/9/2025,1091,2060,404,3,1225.14,3,chicago
1728,4/9/2025,1130,2035,402,3,899.99,5,atlanta
1730,4/9/2025,1127,2029,402,0,40.53,2,atlanta
1731,4/9/2025,1025,2094,401,0,1973.4,4,los angelos
1732,4/9/2025,1127,2086,401,1,4828.14,3,los angelos
1733,4/9/2025,1097,2077,403,1,2022.59,4,philadelphia
1734,4/9/2025,1077,2079,401,0,1901.08,3,los angelos
1735,4/9/2025,1169,2096,404,3,672.18,5,chicago
1736,4/9/2025,1051,2037,404,3,1800.7,6,chicago
1737,4/9/2025,1129,2033,403,0,1672.5,4,philadelphia
1738,4/9/2025,1195,2004,404,0,2781.75,5,chicago
1739,4/9/2025,1098,2057,403,3,1310.94,2,philadelphia
1740,4/9/2025,1113,2058,401,0,2000.25,1,los angelos
1742,4/9/2025,1125,2055,402,2,86.3,6,atlanta
1743,4/9/2025,1183,2049,404,0,1879.68,1,chicago
1744,4/9/2025,1145,2086,404,3,2682.3,2,chicago
1745,4/9/2025,1121,2071,402,0,1845.48,3,atlanta
1746,4/9/2025,1100,2033,404,3,2508.75,2,chicago
1747,4/9/2025,1157,2086,403,2,1430.56,1,philadelphia
1748,4/9/2025,1082,2007,401,0,1750.17,5,los angelos
1749,4/9/2025,1032,2046,403,0,167.15,2,philadelphia
1750,4/9/2025,1195,2080,403,3,3329.04,3,philadelphia
1752,4/9/2025,1105,2044,401,1,373.64,1,los angelos
1753,4/9/2025,1063,2030,403,0,509.91,2,philadelphia
1754,4/9/2025,1176,2008,403,0,133.18,4,philadelphia
1755,4/9/2025,1086,2021,401,2,2004.98,3,los angelos
1756,4/9/2025,1009,2058,404,3,2000.25,4,chicago
1758,4/9/2025,1081,2048,404,2,572.21,5,chicago
1759,4/9/2025,1146,2012,404,0,623.19,6,chicago
1760,4/9/2025,1176,2086,402,2,1430.56,4,atlanta
1761,4/9/2025,1127,2064,403,1,529.27,5,philadelphia
1762,4/9/2025,1157,2038,403,3,4632.55,2,philadelphia
1764,4/9/2025,1073,2033,401,2,1338.0,2,los angelos
1767,4/9/2025,1069,2008,404,3,66.59,2,chicago
1768,4/9/2025,1053,2044,401,2,332.13,3,los angelos
1770,4/9/2025,1051,2053,404,2,488.12,1,chicago
1771,4/9/2025,1159,2065,404,1,1693.22,5,chicago
1772,4/9/2025,1004,2080,402,3,3329.04,2,atlanta
1773,4/9/2025,1054,2084,404,2,901.92,3,chicago
1774,4/9/2025,1163,2068,404,0,1640.48,5,chicago
1775,4/9/2025,1133,2025,403,3,838.86,1,philadelphia
1776,4/9/2025,1037,2030,402,2,271.95,2,atlanta
1777,4/9/2025,1111,2052,403,0,731.26,4,philadelphia
1778,4/9/2025,1162,2026,404,2,169.25,3,chicago
1779,4/9/2025,1073,2082,402,2,213.28,4,atlanta
1780,4/9/2025,1175,2076,402,3,806.07,3,atlanta
1781,4/9/2025,1061,2014,402,1,665.01,5,atlanta
1782,4/9/2025,1007,2031,403,3,1695.9,6,philadelphia
1783,4/9/2025,1124,2071,404,3,1845.48,4,chicago
1784,4/9/2025,1165,2004,402,1,1669.05,5,atlanta
1786,4/9/2025,1071,2084,402,0,281.85,1,atlanta
1787,4/9/2025,1184,2062,401,0,2477.44,2,los angelos
1788,4/9/2025,1021,2040,403,0,69.08,6,philadelphia
1789,4/9/2025,1104,2046,401,3,167.15,1,los angelos
1790,4/9/2025,1185,2017,402,0,1854.8,2,atlanta
1791,4/9/2025,1146,2094,401,2,789.36,3,los angelos
1792,4/9/2025,1127,2011,402,0,409.74,2,atlanta
1793,4/9/2025,1197,2040,403,3,138.16,1,philadelphia
1794,4/9/2025,1191,2095,402,3,1963.16,5,atlanta
1795,4/9/2025,1055,2018,401,1,488.03,2,los angelos
1796,4/9/2025,1054,2035,404,3,899.99,3,chicago
1797,4/9/2025,1065,2075,401,3,3903.2,5,los angelos
1798,4/9/2025,1136,2047,401,2,267.98,1,los angelos
1799,4/9/2025,1139,2054,404,1,3241.84,2,chicago
1801,4/9/2025,1183,2047,403,0,1004.94,3,philadelphia
1802,4/9/2025,1165,2077,401,0,1685.49,4,los angelos
1803,4/9/2025,1176,2085,402,2,581.16,3,atlanta
1804,4/9/2025,1141,2049,403,2,1503.74,5,philadelphia
1805,4/9/2025,1175,2015,402,3,674.97,6,atlanta
1807,4/9/2025,1077,2011,402,2,655.58,5,atlanta
1808,4/9/2025,1053,2020,404,2,601.33,2,chicago
1809,4/9/2025,1196,2082,404,0,533.2,1,chicago
1810,4/9/2025,1070,2010,404,3,311.36,2,chicago
1811,4/9/2025,1188,2052,403,3,2925.04,6,philadelphia
1812,4/9/2025,1025,2020,403,0,375.83,1,philadelphia
1813,4/9/2025,1090,2053,403,3,1830.45,2,philadelphia
1814,4/9/2025,1177,2003,401,1,346.66,3,los angelos
1815,4/9/2025,1161,2056,402,0,1049.44,2,atlanta
1817,4/9/2025,1147,2010,401,1,70.06,5,los angelos
1818,4/9/2025,1063,2066,402,3,516.06,2,atlanta
1819,4/9/2025,1081,2057,404,1,786.56,3,chicago
1820,4/9/2025,1066,2022,403,2,536.94,5,philadelphia
1821,4/9/2025,1050,2010,404,2,62.27,1,chicago
1822,4/9/2025,1046,2050,404,1,336.2,2,chicago
1823,4/9/2025,1005,2002,402,0,3464.0,4,atlanta
1825,4/9/2025,1012,2051,404,2,93.86,4,chicago
1826,4/9/2025,1038,2011,403,1,1475.06,3,philadelphia
1827,4/9/2025,1145,2015,401,3,2024.91,5,los angelos
1828,4/9/2025,1197,2058,404,0,666.75,6,chicago
1829,4/9/2025,1057,2091,402,1,815.21,4,atlanta
1830,4/9/2025,1005,2034,403,3,544.68,5,philadelphia
1831,4/9/2025,1097,2016,404,1,290.72,2,chicago
1832,4/9/2025,1153,2027,403,1,698.25,1,philadelphia
1833,4/9/2025,1107,2023,404,1,2536.76,2,chicago
1834,4/9/2025,1007,2037,403,1,648.25,6,philadelphia
1835,4/9/2025,1158,2057,402,2,699.17,1,atlanta
1836,4/9/2025,1149,2087,404,0,637.28,2,chicago
1837,4/9/2025,1002,2060,402,2,326.7,3,atlanta
1838,4/9/2025,1177,2050,402,3,186.78,2,atlanta
1839,4/9/2025,1181,2054,403,0,1801.02,1,philadelphia
1840,4/9/2025,1024,2071,401,0,615.16,5,los angelos
1841,4/9/2025,1085,2030,404,2,407.93,2,chicago
1842,4/9/2025,1155,2085,401,0,726.45,3,los angelos
1843,4/9/2025,1064,2064,404,2,940.93,5,chicago
1844,4/9/2025,1101,2085,403,1,217.94,1,philadelphia
1845,4/9/2025,1143,2005,402,2,343.02,2,atlanta
1846,4/9/2025,1043,2064,404,2,235.23,4,chicago
1847,4/9/2025,1119,2016,401,2,258.42,3,los angelos
1848,4/9/2025,1181,2067,404,1,523.71,4,chicago
1850,4/9/2025,1032,2063,403,2,441.97,5,philadelphia
1851,4/9/2025,1110,2036,403,2,348.77,6,philadelphia
1852,4/9/2025,1132,2040,404,1,124.34,4,chicago
1855,4/9/2025,1048,2019,401,1,840.54,1,los angelos
1856,4/9/2025,1046,2004,404,2,741.8,2,chicago
1857,4/9/2025,1041,2090,404,3,358.2,6,chicago
1858,4/9/2025,1029,2063,401,3,1657.38,1,los angelos
1859,4/9/2025,1091,2090,404,3,214.92,2,chicago
1860,4/9/2025,1126,2014,402,0,492.6,3,atlanta
1861,4/9/2025,1089,2011,402,2,1638.96,2,atlanta
1862,4/9/2025,1046,2021,403,1,2255.61,1,philadelphia
1863,4/9/2025,1149,2000,402,3,4846.55,5,atlanta
1864,4/9/2025,1019,2031,404,0,1695.9,2,chicago
1866,4/9/2025,1100,2047,401,2,803.95,5,los angelos
1867,4/9/2025,1039,2003,401,3,1155.54,1,los angelos
1868,4/9/2025,1181,2084,404,3,1127.4,2,chicago
1869,4/9/2025,1160,2034,401,2,326.81,4,los angelos
1870,4/9/2025,1011,2083,404,2,614.53,3,chicago
1871,4/9/2025,1187,2093,402,1,680.35,4,atlanta
1872,4/9/2025,1012,2082,403,2,853.12,3,philadelphia
1874,4/9/2025,1023,2051,403,1,211.18,6,philadelphia
1875,4/9/2025,1061,2098,404,0,2723.58,4,chicago
1876,4/9/2025,1005,2026,402,3,211.56,5,atlanta
1878,4/9/2025,1030,2038,404,3,3706.04,1,chicago
1879,4/9/2025,1188,2039,402,2,1562.3,2,atlanta
1880,4/9/2025,1170,2012,403,1,560.87,6,philadelphia
1881,4/9/2025,1125,2057,404,3,1310.94,1,chicago
1882,4/9/2025,1068,2072,404,0,420.3,2,chicago
1884,4/9/2025,1111,2080,404,0,1664.52,2,chicago
1886,4/9/2025,1173,2028,402,3,2551.76,5,atlanta
1887,4/9/2025,1134,2080,401,2,1331.62,2,los angelos
1888,4/9/2025,1119,2055,401,3,269.7,3,los angelos
1889,4/9/2025,1076,2019,402,2,747.14,0,atlanta
1892,4/9/2025,1131,2013,404,3,4676.8,4,chicago
1894,4/9/2025,1065,2074,401,0,3297.5,4,los angelos
1896,4/9/2025,1046,2050,401,0,560.34,5,los angelos
1897,4/9/2025,1106,2090,403,2,114.62,6,philadelphia
1898,4/9/2025,1150,2092,404,3,482.21,4,chicago
1899,4/9/2025,1159,2033,403,1,752.62,5,philadelphia
1900,4/9/2025,1054,2023,401,2,751.63,2,los angelos
1901,4/9/2025,1172,2013,404,0,1870.72,1,chicago
1902,4/9/2025,1001,2050,401,0,560.34,2,los angelos
1903,4/9/2025,1043,2083,404,3,2304.48,6,chicago
1904,4/9/2025,1177,2051,404,2,281.57,1,chicago
1905,4/9/2025,1158,2078,403,3,568.04,2,philadelphia
1906,4/9/2025,1077,2011,402,1,368.77,3,atlanta
1907,4/9/2025,1003,2024,401,0,248.54,2,los angelos
1908,4/9/2025,1178,2024,401,1,223.69,1,los angelos
1909,4/9/2025,1123,2083,402,1,1382.69,5,atlanta
1910,4/9/2025,1111,2080,402,0,3329.04,2,atlanta
1911,4/9/2025,1077,2098,404,1,817.07,3,chicago
1913,4/9/2025,1042,2019,404,3,933.93,1,chicago
1914,4/9/2025,1120,2002,404,1,1558.8,2,chicago
1916,4/9/2025,1085,2001,401,3,412.35,3,los angelos
1918,4/9/2025,1124,2051,404,3,351.96,3,chicago
1919,4/9/2025,1059,2091,401,0,1811.58,5,los angelos
1920,4/9/2025,1108,2073,403,0,1498.29,6,philadelphia
1922,4/9/2025,1029,2063,403,3,3314.76,5,philadelphia
1923,4/9/2025,1178,2055,401,1,242.73,2,los angelos
1924,4/9/2025,1073,2092,402,3,482.21,1,atlanta
1925,4/9/2025,1088,2056,402,1,1888.99,2,atlanta
1926,4/9/2025,1150,2087,403,3,477.96,6,philadelphia
1927,4/9/2025,1033,2037,404,3,1440.56,1,chicago
1928,4/9/2025,1172,2083,403,3,2304.48,2,philadelphia
1929,4/9/2025,1041,2079,402,2,2281.3,3,atlanta
1930,4/9/2025,1176,2095,401,3,1472.37,2,los angelos
1931,4/9/2025,1033,2022,402,1,1208.12,1,atlanta
1932,4/9/2025,1155,2062,401,3,1858.08,5,los angelos
1933,4/9/2025,1126,2038,402,1,1667.72,2,atlanta
1935,4/9/2025,1066,2045,402,1,1123.7,5,atlanta
1936,4/9/2025,1128,2004,401,2,2967.2,1,los angelos
1937,4/9/2025,1110,2014,402,0,246.3,2,atlanta
1938,4/9/2025,1143,2028,404,2,1531.06,4,chicago
1940,4/9/2025,1038,2088,401,0,1418.7,4,los angelos
1942,4/9/2025,1005,2078,401,0,426.03,5,los angelos
1943,4/9/2025,1129,2013,402,0,1870.72,6,atlanta
1944,4/9/2025,1052,2046,402,2,26.74,4,atlanta
1947,4/9/2025,1035,2015,402,3,3374.85,1,atlanta
1948,4/9/2025,1106,2098,401,1,1634.15,2,los angelos
1949,4/9/2025,1121,2043,403,1,1572.21,6,philadelphia
1950,4/9/2025,1021,2034,403,3,544.68,1,philadelphia
1951,4/9/2025,1092,2080,402,1,3745.17,2,atlanta
1952,4/9/2025,1192,2096,404,1,1814.89,3,chicago
1955,4/9/2025,1113,2018,401,0,1084.52,5,los angelos
1956,4/9/2025,1021,2043,403,3,2620.35,2,philadelphia
1957,4/9/2025,1197,2021,404,0,1670.82,3,chicago
1958,4/9/2025,1100,2097,401,1,2273.67,5,los angelos
1961,4/9/2025,1088,2001,403,1,1113.34,4,philadelphia
1962,4/9/2025,1179,2051,404,1,211.18,3,chicago
1963,4/9/2025,1139,2079,404,2,2281.3,4,chicago
1964,4/9/2025,1005,2083,404,1,691.34,3,chicago
1965,4/9/2025,1077,2010,401,2,186.82,5,los angelos
1966,4/9/2025,1099,2092,402,2,1157.3,6,atlanta
1967,4/9/2025,1054,2011,403,2,327.79,4,philadelphia
1968,4/9/2025,1193,2081,402,0,2238.66,5,atlanta
1969,4/9/2025,1007,2069,403,1,836.6,2,philadelphia
1970,4/9/2025,1198,2038,404,0,1853.02,1,chicago
1971,4/9/2025,1187,2007,403,2,466.71,2,philadelphia
1972,4/9/2025,1160,2064,403,0,1176.16,6,philadelphia
1973,4/9/2025,1012,2096,401,3,672.18,1,los angelos
1974,4/9/2025,1076,2073,401,3,499.43,2,los angelos
1975,4/9/2025,1086,2030,402,2,407.93,3,atlanta
1976,4/9/2025,1076,2036,402,3,217.98,2,atlanta
1977,4/9/2025,1133,2094,402,0,1973.4,1,atlanta
1978,4/9/2025,1083,2066,402,2,1238.54,5,atlanta
1980,4/9/2025,1105,2010,401,0,155.68,3,los angelos
1981,4/9/2025,1108,2016,404,1,872.15,5,chicago
1982,4/9/2025,1114,2009,403,3,198.93,1,philadelphia
1983,4/9/2025,1150,2071,404,2,492.13,2,chicago
1984,4/9/2025,1149,2063,404,3,2762.3,4,chicago
1985,4/9/2025,1176,2062,404,1,557.42,3,chicago
1986,4/9/2025,1036,2064,402,3,294.04,4,atlanta
1988,4/9/2025,1177,2027,404,3,1034.44,5,chicago
1990,4/9/2025,1030,2077,404,0,1123.66,4,chicago
1991,4/9/2025,1030,2047,403,0,334.98,5,philadelphia
1992,4/9/2025,1133,2019,401,2,747.14,2,los angelos
1993,4/9/2025,1078,2047,403,2,535.97,1,philadelphia
1994,4/9/2025,1124,2003,402,1,1386.65,2,atlanta
1996,4/9/2025,1078,2036,402,1,588.55,1,atlanta
1997,4/9/2025,1189,2062,401,0,2477.44,2,los angelos
1998,4/9/2025,1140,2044,401,0,207.58,3,los angelos
1999,4/9/2025,1106,2061,403,3,599.76,2,philadelphia
2000,4/9/2025,1086,2048,404,1,321.87,1,chicago
